trID;time;oldVer;newVer;#oldT;#newT;#oldA;#newA;tIns;tDel;aIns;aDel;aTypeAlt;keyAlt;aTabIns;aTabDel
1;0939669579;0939579864.sql;0939669579.sql;19;17;82;75;0;2;0;0;0;1;0;7
2;0940867719;0939669579.sql;0940867719.sql;17;18;75;83;1;0;2;0;5;0;6;0
3;0942168743;0940867719.sql;0942168743.sql;18;18;83;83;0;0;0;0;0;4;0;0
4;0943365716;0942168743.sql;0943365716.sql;18;18;83;83;0;0;4;4;0;0;0;0
5;0943365844;0943365716.sql;0943365844.sql;18;18;83;83;0;0;4;4;0;0;0;0
6;0943366406;0943365844.sql;0943366406.sql;18;18;83;83;0;0;6;6;0;0;0;0
7;0947177076;0943366406.sql;0947177076.sql;18;18;83;83;0;0;0;0;1;0;0;0
8;0947516385;0947177076.sql;0947516385.sql;18;18;83;85;0;0;3;1;5;0;0;0
9;0947517057;0947516385.sql;0947517057.sql;18;20;85;93;2;0;0;0;0;0;8;0
10;0947689078;0947517057.sql;0947689078.sql;20;20;93;93;0;0;0;0;1;0;0;0
11;0947690071;0947689078.sql;0947690071.sql;20;20;93;93;0;0;0;0;1;0;0;0
12;0947763933;0947690071.sql;0947763933.sql;20;20;93;93;0;0;0;0;0;0;0;0
13;0947776597;0947763933.sql;0947776597.sql;20;21;93;95;1;0;0;0;0;0;2;0
14;0947851648;0947776597.sql;0947851648.sql;21;21;95;98;0;0;5;2;0;0;0;0
15;0947859071;0947851648.sql;0947859071.sql;21;21;98;98;0;0;0;0;0;1;0;0
16;0947866332;0947859071.sql;0947866332.sql;21;21;98;99;0;0;1;0;0;0;0;0
17;0947957463;0947866332.sql;0947957463.sql;21;21;99;99;0;0;0;0;0;1;0;0
18;0948025460;0947957463.sql;0948025460.sql;21;20;99;99;0;1;4;0;0;0;0;4
19;0948308154;0948025460.sql;0948308154.sql;20;20;99;99;0;0;0;0;0;3;0;0
20;0948360147;0948308154.sql;0948360147.sql;20;21;99;109;1;0;0;0;0;0;10;0
21;0948376743;0948360147.sql;0948376743.sql;21;21;109;109;1;1;0;0;0;0;10;10
22;0948378884;0948376743.sql;0948378884.sql;21;21;109;109;0;0;0;0;0;3;0;0
23;0948564793;0948378884.sql;0948564793.sql;21;21;109;119;0;0;11;1;0;0;0;0
24;0948572139;0948564793.sql;0948572139.sql;21;21;119;119;0;0;0;0;0;3;0;0
25;0948713104;0948572139.sql;0948713104.sql;21;21;119;119;0;0;0;0;1;0;0;0
26;0948735285;0948713104.sql;0948735285.sql;21;21;119;118;0;0;0;1;0;0;0;0
27;0948990188;0948735285.sql;0948990188.sql;21;21;118;118;0;0;0;0;2;0;0;0
28;0950275874;0948990188.sql;0950275874.sql;21;22;118;133;1;0;0;1;1;0;16;0
29;0950286372;0950275874.sql;0950286372.sql;22;20;133;128;0;2;0;0;2;0;0;5
30;0954509558;0950286372.sql;0954509558.sql;20;20;128;128;0;0;1;1;1;2;0;0
31;0954749479;0954509558.sql;0954749479.sql;20;21;128;137;1;0;0;0;0;0;9;0
32;0954834295;0954749479.sql;0954834295.sql;21;20;137;128;0;1;2;4;0;0;0;7
33;0955476819;0954834295.sql;0955476819.sql;20;20;128;129;0;0;1;0;0;0;0;0
34;0956157214;0955476819.sql;0956157214.sql;20;21;129;132;2;1;0;2;0;0;7;2
35;0956591404;0956157214.sql;0956591404.sql;21;21;132;132;0;0;0;0;1;0;0;0
36;0958134737;0956591404.sql;0958134737.sql;21;21;132;132;0;0;0;0;1;0;0;0
37;0959105910;0958134737.sql;0959105910.sql;21;21;132;132;0;0;0;0;2;0;0;0
38;0959684792;0959105910.sql;0959684792.sql;21;23;132;142;2;0;4;0;2;0;6;0
39;0959962730;0959684792.sql;0959962730.sql;23;23;142;142;0;0;0;0;2;0;0;0
40;0960147956;0959962730.sql;0960147956.sql;23;23;142;142;0;0;0;0;0;0;0;0
41;0960231087;0960147956.sql;0960231087.sql;23;23;142;142;0;0;0;0;3;0;0;0
42;0960292008;0960231087.sql;0960292008.sql;23;23;142;142;0;0;0;0;5;0;0;0
43;0960977369;0960292008.sql;0960977369.sql;23;23;142;142;0;0;0;0;0;0;0;0
44;0961418039;0960977369.sql;0961418039.sql;23;23;142;142;0;0;0;0;0;0;0;0
45;0961576333;0961418039.sql;0961576333.sql;23;23;142;142;0;0;0;0;0;1;0;0
46;0961709499;0961576333.sql;0961709499.sql;23;23;142;142;0;0;0;0;0;0;0;0
47;0961787018;0961709499.sql;0961787018.sql;23;23;142;142;0;0;0;0;0;0;0;0
48;0963487259;0961787018.sql;0963487259.sql;23;23;142;144;1;1;3;2;1;1;3;2
49;0963591560;0963487259.sql;0963591560.sql;23;23;144;144;0;0;2;2;0;0;0;0
50;0965037266;0963591560.sql;0965037266.sql;23;23;144;144;0;0;0;0;0;0;0;0
51;0967806901;0965037266.sql;0967806901.sql;23;24;144;146;1;0;0;0;0;0;2;0
52;0968110509;0967806901.sql;0968110509.sql;24;25;146;155;1;0;0;0;0;0;9;0
53;0968140918;0968110509.sql;0968140918.sql;25;25;155;157;0;0;6;4;0;0;0;0
54;0968419733;0968140918.sql;0968419733.sql;25;25;157;163;0;0;6;0;0;0;0;0
55;0970476987;0968419733.sql;0970476987.sql;25;27;163;173;2;0;0;0;0;0;10;0
56;0972813697;0970476987.sql;0972813697.sql;27;27;173;174;0;0;1;0;0;0;0;0
57;0973790556;0972813697.sql;0973790556.sql;27;28;174;183;1;0;0;0;0;0;9;0
58;0974478124;0973790556.sql;0974478124.sql;28;29;183;187;1;0;2;0;0;0;2;0
59;0975065585;0974478124.sql;0975065585.sql;29;29;187;187;0;0;0;0;1;0;0;0
60;0978538041;0975065585.sql;0978538041.sql;29;29;187;187;0;0;0;0;0;0;0;0
61;0979829802;0978538041.sql;0979829802.sql;29;30;187;189;1;0;0;0;0;0;2;0
62;0980414455;0979829802.sql;0980414455.sql;30;31;189;192;1;0;0;0;0;0;3;0
63;0980414884;0980414455.sql;0980414884.sql;31;31;192;194;0;0;2;0;1;0;0;0
64;0980547379;0980414884.sql;0980547379.sql;31;32;194;209;1;0;1;0;0;0;14;0
65;0981307011;0980547379.sql;0981307011.sql;32;33;209;214;1;0;0;0;0;0;5;0
66;0982060366;0981307011.sql;0982060366.sql;33;33;214;218;0;0;4;0;0;0;0;0
67;0982091246;0982060366.sql;0982091246.sql;33;33;218;215;1;1;0;0;0;0;2;5
68;0982141804;0982091246.sql;0982141804.sql;33;34;215;220;1;0;0;0;0;0;5;0
69;0983911028;0982141804.sql;0983911028.sql;34;35;220;228;1;0;0;0;0;0;8;0
70;0984064962;0983911028.sql;0984064962.sql;35;35;228;228;0;0;0;0;0;0;0;0
71;0986134539;0984064962.sql;0986134539.sql;35;36;228;232;1;0;0;0;0;0;4;0
72;0986134618;0986134539.sql;0986134618.sql;36;35;232;228;0;1;0;0;0;0;0;4
73;0986393762;0986134618.sql;0986393762.sql;35;39;228;242;4;0;0;0;0;0;14;0
74;0987000586;0986393762.sql;0987000586.sql;39;39;242;243;0;0;1;0;0;0;0;0
75;0987779676;0987000586.sql;0987779676.sql;39;39;243;244;0;0;1;0;0;0;0;0
76;0988031702;0987779676.sql;0988031702.sql;39;40;244;247;1;0;0;0;0;0;3;0
77;0988034840;0988031702.sql;0988034840.sql;40;41;247;252;1;0;0;0;0;0;5;0
78;0988107133;0988034840.sql;0988107133.sql;41;41;252;252;0;0;0;0;0;0;0;0
79;0988108526;0988107133.sql;0988108526.sql;41;41;252;252;0;0;0;0;0;1;0;0
80;0988113459;0988108526.sql;0988113459.sql;41;41;252;252;0;0;0;0;0;0;0;0
81;0988194645;0988113459.sql;0988194645.sql;41;41;252;252;0;0;0;0;0;0;0;0
82;0988291057;0988194645.sql;0988291057.sql;41;41;252;252;0;0;0;0;0;0;0;0
83;0988647672;0988291057.sql;0988647672.sql;41;41;252;256;0;0;4;0;0;0;0;0
84;0990795743;0988647672.sql;0990795743.sql;41;29;256;190;0;12;0;0;4;1;0;66
85;0991822980;0990795743.sql;0991822980.sql;29;29;190;190;0;0;0;0;1;0;0;0
86;0991908696;0991822980.sql;0991908696.sql;29;31;190;200;2;0;0;0;0;0;10;0
87;0991993890;0991908696.sql;0991993890.sql;31;31;200;199;0;0;0;1;0;0;0;0
88;0992004959;0991993890.sql;0992004959.sql;31;30;199;191;0;1;0;0;0;0;0;8
89;0992183668;0992004959.sql;0992183668.sql;30;30;191;191;0;0;0;0;0;1;0;0
90;0992364239;0992183668.sql;0992364239.sql;30;30;191;191;0;0;0;0;0;1;0;0
91;0992436446;0992364239.sql;0992436446.sql;30;30;191;191;0;0;0;0;0;0;0;0
92;0992965256;0992436446.sql;0992965256.sql;30;31;191;195;1;0;1;0;0;3;3;0
93;0992978766;0992965256.sql;0992978766.sql;31;31;195;195;0;0;0;0;0;0;0;0
94;0993134484;0992978766.sql;0993134484.sql;31;31;195;195;0;0;0;0;0;0;0;0
95;0993563808;0993134484.sql;0993563808.sql;31;31;195;195;0;0;0;0;0;0;0;0
96;0994943405;0993563808.sql;0994943405.sql;31;31;195;195;0;0;0;0;0;0;0;0
97;0995461582;0994943405.sql;0995461582.sql;31;31;195;195;0;0;0;0;0;0;0;0
98;0995466236;0995461582.sql;0995466236.sql;31;31;195;195;0;0;0;0;2;0;0;0
99;0996178031;0995466236.sql;0996178031.sql;31;34;195;201;4;1;15;23;4;0;16;2
100;0997976256;0996178031.sql;0997976256.sql;34;34;201;201;0;0;0;0;1;0;0;0
101;0998388402;0997976256.sql;0998388402.sql;34;34;201;201;0;0;0;0;1;0;0;0
102;0999782351;0998388402.sql;0999782351.sql;34;34;201;201;0;0;0;0;0;0;0;0
103;1000125543;0999782351.sql;1000125543.sql;34;34;201;201;0;0;0;0;0;0;0;0
104;1002284295;1000125543.sql;1002284295.sql;34;34;201;201;0;0;0;0;0;0;0;0
105;1002642263;1002284295.sql;1002642263.sql;34;34;201;201;0;0;0;0;2;0;0;0
106;1002718112;1002642263.sql;1002718112.sql;34;34;201;202;0;0;1;0;0;0;0;0
107;1002812389;1002718112.sql;1002812389.sql;34;34;202;201;1;1;0;0;0;0;6;7
108;1002812796;1002812389.sql;1002812796.sql;34;34;201;201;0;0;0;0;0;0;0;0
109;1002813906;1002812796.sql;1002813906.sql;34;34;201;201;1;1;0;0;0;0;6;6
110;1005152318;1002813906.sql;1005152318.sql;34;34;201;201;0;0;0;0;0;0;0;0
111;1005219709;1005152318.sql;1005219709.sql;34;34;201;201;0;0;0;0;4;0;0;0
112;1005223831;1005219709.sql;1005223831.sql;34;34;201;201;0;0;0;0;0;0;0;0
113;1005307928;1005223831.sql;1005307928.sql;34;34;201;201;0;0;1;1;10;0;0;0
114;1005308195;1005307928.sql;1005308195.sql;34;34;201;201;0;0;0;0;0;0;0;0
115;1010853154;1005308195.sql;1010853154.sql;34;35;201;220;12;11;50;44;10;0;79;66
116;1011026240;1010853154.sql;1011026240.sql;35;35;220;220;0;0;0;0;0;0;0;0
117;1011174692;1011026240.sql;1011174692.sql;35;35;220;219;0;0;0;1;0;0;0;0
118;1011177488;1011174692.sql;1011177488.sql;35;35;219;219;0;0;0;0;1;0;0;0
119;1011179921;1011177488.sql;1011179921.sql;35;35;219;219;0;0;0;0;0;0;0;0
120;1012754820;1011179921.sql;1012754820.sql;35;35;219;220;0;0;1;0;0;0;0;0
121;1012755053;1012754820.sql;1012755053.sql;35;35;220;220;0;0;0;0;1;0;0;0
122;1013102348;1012755053.sql;1013102348.sql;35;35;220;220;0;0;0;0;1;0;0;0
123;1014893812;1013102348.sql;1014893812.sql;35;35;220;221;0;0;1;0;0;0;0;0
124;1015338408;1014893812.sql;1015338408.sql;35;35;221;221;0;0;0;0;0;0;0;0
125;1015855193;1015338408.sql;1015855193.sql;35;36;221;232;1;0;0;0;0;0;11;0
126;1018540737;1015855193.sql;1018540737.sql;36;36;232;232;0;0;0;0;0;0;0;0
127;1019833400;1018540737.sql;1019833400.sql;36;36;232;232;0;0;0;0;0;0;0;0
128;1025197235;1019833400.sql;1025197235.sql;36;43;232;265;7;0;0;0;0;0;33;0
129;1026223237;1025197235.sql;1026223237.sql;43;43;265;264;0;0;0;1;0;0;0;0
130;1027084963;1026223237.sql;1027084963.sql;43;43;264;264;0;0;0;0;1;0;0;0
131;1027096066;1027084963.sql;1027096066.sql;43;43;264;264;0;0;0;0;0;0;0;0
132;1028286044;1027096066.sql;1028286044.sql;43;43;264;262;0;0;0;2;0;0;0;0
133;1028293276;1028286044.sql;1028293276.sql;43;43;262;262;0;0;1;1;0;0;0;0
134;1029332085;1028293276.sql;1029332085.sql;43;42;262;247;0;1;4;16;0;0;0;3
135;1029493266;1029332085.sql;1029493266.sql;42;42;247;246;0;0;1;2;0;0;0;0
136;1031568833;1029493266.sql;1031568833.sql;42;42;246;246;0;0;0;0;0;0;0;0
137;1031588129;1031568833.sql;1031588129.sql;42;42;246;246;0;0;1;1;0;0;0;0
138;1031589516;1031588129.sql;1031589516.sql;42;42;246;246;0;0;1;1;0;0;0;0
139;1031849012;1031589516.sql;1031849012.sql;42;40;246;232;0;2;0;1;0;0;0;13
140;1034248135;1031849012.sql;1034248135.sql;40;39;232;223;0;1;0;0;0;0;0;9
141;1034685946;1034248135.sql;1034685946.sql;39;39;223;223;0;0;0;0;0;0;0;0
142;1035554394;1034685946.sql;1035554394.sql;39;39;223;223;0;0;0;0;1;0;0;0
143;1036168411;1035554394.sql;1036168411.sql;39;39;223;223;0;0;0;0;1;0;0;0
144;1036168681;1036168411.sql;1036168681.sql;39;39;223;223;0;0;0;0;2;0;0;0
145;1036663999;1036168681.sql;1036663999.sql;39;39;223;223;0;0;0;0;2;0;0;0
146;1036681688;1036663999.sql;1036681688.sql;39;39;223;223;0;0;0;0;0;0;0;0
147;1037195271;1036681688.sql;1037195271.sql;39;39;223;225;0;0;2;0;0;0;0;0
148;1038242520;1037195271.sql;1038242520.sql;39;39;225;225;0;0;0;0;1;0;0;0
149;1039618190;1038242520.sql;1039618190.sql;39;39;225;227;0;0;2;0;0;0;0;0
150;1040223289;1039618190.sql;1040223289.sql;39;39;227;226;0;0;2;3;0;0;0;0
151;1040639998;1040223289.sql;1040639998.sql;39;39;226;226;0;0;0;0;0;0;0;0
152;1042205702;1040639998.sql;1042205702.sql;39;39;226;226;0;0;0;0;1;0;0;0
153;1042548059;1042205702.sql;1042548059.sql;39;39;226;226;0;0;0;0;1;0;0;0
154;1042629663;1042548059.sql;1042629663.sql;39;39;226;226;0;0;0;0;1;0;0;0
155;1042631031;1042629663.sql;1042631031.sql;39;39;226;226;0;0;0;0;1;0;0;0
156;1043064164;1042631031.sql;1043064164.sql;39;39;226;225;0;0;1;2;1;1;0;0
157;1043065932;1043064164.sql;1043065932.sql;39;39;225;226;0;0;2;1;1;1;0;0
158;1043073227;1043065932.sql;1043073227.sql;39;39;226;226;0;0;0;0;1;0;0;0
159;1043841383;1043073227.sql;1043841383.sql;39;44;226;253;5;0;0;0;0;0;27;0
160;1044359313;1043841383.sql;1044359313.sql;44;44;253;254;0;0;1;0;0;0;0;0
161;1044391884;1044359313.sql;1044391884.sql;44;44;254;254;0;0;0;0;0;0;0;0
162;1044464812;1044391884.sql;1044464812.sql;44;44;254;253;0;0;0;1;0;0;0;0
163;1045139073;1044464812.sql;1045139073.sql;44;44;253;253;0;0;0;0;1;0;0;0
164;1045170209;1045139073.sql;1045170209.sql;44;44;253;250;0;0;0;3;0;0;0;0
165;1045222365;1045170209.sql;1045222365.sql;44;44;250;250;0;0;0;0;1;0;0;0
166;1045260370;1045222365.sql;1045260370.sql;44;44;250;250;0;0;0;0;0;0;0;0
167;1045579074;1045260370.sql;1045579074.sql;44;44;250;250;0;0;0;0;1;0;0;0
168;1045579190;1045579074.sql;1045579190.sql;44;44;250;250;0;0;0;0;1;0;0;0
169;1045743737;1045579190.sql;1045743737.sql;44;44;250;250;0;0;0;0;1;0;0;0
170;1047635160;1045743737.sql;1047635160.sql;44;44;250;250;0;0;0;0;1;0;0;0
171;1047640617;1047635160.sql;1047640617.sql;44;46;250;263;2;0;0;0;0;0;13;0
172;1048090859;1047640617.sql;1048090859.sql;46;46;263;263;0;0;0;0;1;0;0;0
173;1049889618;1048090859.sql;1049889618.sql;46;47;263;265;1;0;0;2;1;0;4;0
174;1050058621;1049889618.sql;1050058621.sql;47;47;265;265;0;0;0;0;0;0;0;0
175;1051018517;1050058621.sql;1051018517.sql;47;47;265;265;0;0;0;0;1;0;0;0
176;1051694147;1051018517.sql;1051694147.sql;47;47;265;265;0;0;0;0;0;0;0;0
177;1051719873;1051694147.sql;1051719873.sql;47;49;265;273;2;0;0;0;0;0;8;0
178;1053509137;1051719873.sql;1053509137.sql;49;51;273;284;2;0;2;1;1;0;10;0
179;1053597227;1053509137.sql;1053597227.sql;51;51;284;284;0;0;0;0;1;0;0;0
180;1054305572;1053597227.sql;1054305572.sql;51;51;284;284;0;0;0;0;0;0;0;0
181;1055237042;1054305572.sql;1055237042.sql;51;52;284;286;1;0;0;0;0;0;2;0
182;1057839350;1055237042.sql;1057839350.sql;52;52;286;286;0;0;0;0;1;0;0;0
183;1058189377;1057839350.sql;1058189377.sql;52;53;286;290;1;0;0;0;0;0;4;0
184;1058259201;1058189377.sql;1058259201.sql;53;53;290;291;0;0;1;0;0;0;0;0
185;1058356121;1058259201.sql;1058356121.sql;53;53;291;291;0;0;0;0;1;0;0;0
186;1058366091;1058356121.sql;1058366091.sql;53;53;291;291;0;0;0;0;1;1;0;0
187;1058453491;1058366091.sql;1058453491.sql;53;53;291;291;0;0;0;0;1;0;0;0
188;1061909141;1058453491.sql;1061909141.sql;53;53;291;299;0;0;8;0;0;0;0;0
189;1062408261;1061909141.sql;1062408261.sql;53;53;299;299;0;0;0;0;0;0;0;0
190;1065192491;1062408261.sql;1065192491.sql;53;53;299;299;0;0;2;2;0;0;0;0
191;1073656202;1065192491.sql;1073656202.sql;53;58;299;310;14;9;58;68;10;1;63;42
192;1076343079;1073656202.sql;1076343079.sql;58;57;310;305;0;1;0;0;0;0;0;5
193;1076581056;1076343079.sql;1076581056.sql;57;57;305;306;0;0;1;0;1;0;0;0
194;1077706685;1076581056.sql;1077706685.sql;57;57;306;306;0;0;0;0;0;0;0;0
195;1078165534;1077706685.sql;1078165534.sql;57;57;306;306;0;0;0;0;0;0;0;0
196;1079013554;1078165534.sql;1079013554.sql;57;57;306;306;0;0;0;0;0;0;0;0
197;1079013970;1079013554.sql;1079013970.sql;57;57;306;306;0;0;0;0;0;0;0;0
198;1079367620;1079013970.sql;1079367620.sql;57;57;306;306;0;0;0;0;0;0;0;0
199;1079373706;1079367620.sql;1079373706.sql;57;57;306;307;0;0;1;0;1;0;0;0
200;1079523840;1079373706.sql;1079523840.sql;57;57;307;307;0;0;0;0;0;0;0;0
201;1080040957;1079523840.sql;1080040957.sql;57;57;307;307;0;0;0;0;0;0;0;0
202;1081352619;1080040957.sql;1081352619.sql;57;57;307;307;0;0;0;0;0;0;0;0
203;1082381337;1081352619.sql;1082381337.sql;57;57;307;307;0;0;0;0;0;0;0;0
204;1083329996;1082381337.sql;1083329996.sql;57;57;307;307;0;0;0;0;1;0;0;0
205;1084282175;1083329996.sql;1084282175.sql;57;59;307;313;2;0;0;0;0;0;6;0
206;1087209705;1084282175.sql;1087209705.sql;59;59;313;313;0;0;0;0;0;0;0;0
207;1088608494;1087209705.sql;1088608494.sql;59;59;313;313;0;0;0;0;0;0;0;0
208;1091543735;1088608494.sql;1091543735.sql;59;59;313;314;0;0;1;0;0;0;0;0
209;1092313928;1091543735.sql;1092313928.sql;59;59;314;315;0;0;1;0;0;0;0;0
210;1092327495;1092313928.sql;1092327495.sql;59;59;315;315;0;0;0;0;0;0;0;0
211;1092653172;1092327495.sql;1092653172.sql;59;59;315;315;0;0;0;0;0;0;0;0
212;1095679816;1092653172.sql;1095679816.sql;59;59;315;323;0;0;8;0;0;0;0;0
213;1096279333;1095679816.sql;1096279333.sql;59;59;323;323;0;0;0;0;0;0;0;0
214;1097844981;1096279333.sql;1097844981.sql;59;62;323;340;3;0;0;0;0;0;17;0
215;1098084118;1097844981.sql;1098084118.sql;62;62;340;340;0;0;0;0;1;0;0;0
216;1098093482;1098084118.sql;1098093482.sql;62;62;340;339;0;0;0;1;0;0;0;0
217;1101377579;1098093482.sql;1101377579.sql;62;62;339;339;0;0;0;0;0;0;0;0
218;1101995557;1101377579.sql;1101995557.sql;62;62;339;339;0;0;0;0;1;0;0;0
219;1105980912;1101995557.sql;1105980912.sql;62;63;339;342;1;0;0;0;0;0;3;0
220;1106150221;1105980912.sql;1106150221.sql;63;63;342;342;0;0;0;0;0;0;0;0
221;1109255856;1106150221.sql;1109255856.sql;63;67;342;359;4;0;0;0;0;0;17;0
222;1109259698;1109255856.sql;1109259698.sql;67;63;359;342;0;4;0;0;0;0;0;17
223;1111659171;1109259698.sql;1111659171.sql;63;67;342;359;4;0;0;0;0;0;17;0
224;1112726588;1111659171.sql;1112726588.sql;67;68;359;362;1;0;0;0;0;0;3;0
225;1113230548;1112726588.sql;1113230548.sql;68;67;362;366;0;1;7;1;0;0;0;2
226;1117012050;1113230548.sql;1117012050.sql;67;67;366;369;0;0;3;0;0;0;0;0
227;1117533509;1117012050.sql;1117533509.sql;67;67;369;369;0;0;0;0;0;0;0;0
228;1118925907;1117533509.sql;1118925907.sql;67;67;369;370;2;2;3;2;0;0;5;5
229;1122969687;1118925907.sql;1122969687.sql;67;67;370;371;0;0;1;0;0;0;0;0
230;1126094007;1122969687.sql;1126094007.sql;67;67;371;372;1;1;0;0;1;0;3;2
231;1129535284;1126094007.sql;1129535284.sql;67;67;372;372;0;0;0;0;0;0;0;0
232;1129549161;1129535284.sql;1129549161.sql;67;67;372;371;0;0;2;3;0;1;0;0
233;1129645131;1129549161.sql;1129645131.sql;67;67;371;372;0;0;2;1;0;1;0;0
234;1131111078;1129645131.sql;1131111078.sql;67;68;372;381;1;0;0;0;0;0;9;0
235;1131374568;1131111078.sql;1131374568.sql;68;68;381;381;0;0;0;0;1;0;0;0
236;1131380585;1131374568.sql;1131380585.sql;68;68;381;381;0;0;1;1;0;0;0;0
237;1131990714;1131380585.sql;1131990714.sql;68;68;381;382;0;0;1;0;0;0;0;0
238;1132065986;1131990714.sql;1132065986.sql;68;68;382;382;0;0;0;0;0;0;0;0
239;1132232518;1132065986.sql;1132232518.sql;68;68;382;382;0;0;0;0;0;0;0;0
240;1132327285;1132232518.sql;1132327285.sql;68;68;382;382;0;0;0;0;0;0;0;0
241;1132738908;1132327285.sql;1132738908.sql;68;68;382;382;0;0;0;0;1;0;0;0
242;1134559567;1132738908.sql;1134559567.sql;68;68;382;382;0;0;0;0;0;0;0;0
243;1134986295;1134559567.sql;1134986295.sql;68;68;382;382;0;0;0;0;1;0;0;0
244;1136286037;1134986295.sql;1136286037.sql;68;68;382;382;0;0;0;0;1;0;0;0
245;1136982592;1136286037.sql;1136982592.sql;68;68;382;383;0;0;3;2;0;0;0;0
246;1137414914;1136982592.sql;1137414914.sql;68;69;383;386;1;0;0;0;0;0;3;0
247;1140094662;1137414914.sql;1140094662.sql;69;71;386;399;2;0;0;0;0;0;13;0
248;1140094764;1140094662.sql;1140094764.sql;71;71;399;399;0;0;0;0;1;0;0;0
249;1140536599;1140094764.sql;1140536599.sql;71;71;399;399;0;0;0;0;0;0;0;0
250;1140711669;1140536599.sql;1140711669.sql;71;71;399;401;0;0;2;0;0;0;0;0
251;1140714538;1140711669.sql;1140714538.sql;71;71;401;401;0;0;1;1;0;0;0;0
252;1141660033;1140714538.sql;1141660033.sql;71;71;401;404;3;3;0;0;0;0;19;16
253;1141816813;1141660033.sql;1141816813.sql;71;71;404;404;0;0;0;0;0;0;0;0
254;1141919661;1141816813.sql;1141919661.sql;71;71;404;408;0;0;5;1;0;0;0;0
255;1141983832;1141919661.sql;1141983832.sql;71;71;408;408;0;0;0;0;5;0;0;0
256;1141991584;1141983832.sql;1141991584.sql;71;71;408;408;0;0;1;1;8;0;0;0
257;1142953276;1141991584.sql;1142953276.sql;71;71;408;409;0;0;1;0;0;0;0;0
258;1143227301;1142953276.sql;1143227301.sql;71;71;409;409;0;0;0;0;0;0;0;0
259;1146667280;1143227301.sql;1146667280.sql;71;71;409;409;0;0;0;0;2;0;0;0
260;1146746010;1146667280.sql;1146746010.sql;71;71;409;409;0;0;0;0;0;0;0;0
261;1147107637;1146746010.sql;1147107637.sql;71;71;409;412;0;0;3;0;0;0;0;0
262;1147866593;1147107637.sql;1147866593.sql;71;71;412;412;0;0;0;0;2;0;0;0
263;1149258425;1147866593.sql;1149258425.sql;71;71;412;412;0;0;0;0;114;0;0;0
264;1149693384;1149258425.sql;1149693384.sql;71;71;412;413;0;0;1;0;0;0;0;0
265;1150902188;1149693384.sql;1150902188.sql;71;71;413;413;0;0;0;0;0;0;0;0
266;1150972844;1150902188.sql;1150972844.sql;71;71;413;413;0;0;0;0;0;0;0;0
267;1150973407;1150972844.sql;1150973407.sql;71;71;413;413;0;0;0;0;0;0;0;0
268;1151484054;1150973407.sql;1151484054.sql;71;73;413;431;2;0;0;0;0;0;18;0
269;1151487572;1151484054.sql;1151487572.sql;73;73;431;431;0;0;0;0;0;0;0;0
270;1151491778;1151487572.sql;1151491778.sql;73;73;431;431;0;0;0;0;0;0;0;0
271;1152266163;1151491778.sql;1152266163.sql;73;73;431;431;0;0;0;0;1;0;0;0
272;1156853772;1152266163.sql;1156853772.sql;73;73;431;433;0;0;2;0;2;0;0;0
273;1157015463;1156853772.sql;1157015463.sql;73;73;433;433;0;0;0;0;0;0;0;0
274;1157356602;1157015463.sql;1157356602.sql;73;73;433;433;0;0;0;0;0;0;0;0
275;1157464015;1157356602.sql;1157464015.sql;73;73;433;433;0;0;0;0;0;0;0;0
276;1158056996;1157464015.sql;1158056996.sql;73;73;433;433;0;0;0;0;0;0;0;0
277;1158070248;1158056996.sql;1158070248.sql;73;73;433;433;0;0;0;0;0;0;0;0
278;1159793189;1158070248.sql;1159793189.sql;73;73;433;433;0;0;0;0;0;0;0;0
279;1160664762;1159793189.sql;1160664762.sql;73;74;433;435;1;0;0;1;0;0;3;0
280;1161590442;1160664762.sql;1161590442.sql;74;74;435;436;0;0;1;0;0;0;0;0
281;1163160727;1161590442.sql;1163160727.sql;74;74;436;436;0;0;0;0;0;0;0;0
282;1166452111;1163160727.sql;1166452111.sql;74;74;436;437;0;0;1;0;0;0;0;0
283;1167918307;1166452111.sql;1167918307.sql;74;74;437;437;0;0;0;0;1;0;0;0
284;1167918874;1167918307.sql;1167918874.sql;74;74;437;437;0;0;0;0;0;0;0;0
285;1168252960;1167918874.sql;1168252960.sql;74;74;437;437;0;0;0;0;1;0;0;0
286;1168360850;1168252960.sql;1168360850.sql;74;74;437;437;0;0;0;0;0;0;0;0
287;1168529527;1168360850.sql;1168529527.sql;74;74;437;437;0;0;0;0;0;0;0;0
288;1172482101;1168529527.sql;1172482101.sql;74;74;437;437;0;0;0;0;22;0;0;0
289;1172482388;1172482101.sql;1172482388.sql;74;74;437;437;0;0;0;0;2;0;0;0
290;1173280675;1172482388.sql;1173280675.sql;74;74;437;438;0;0;1;0;0;0;0;0
291;1173947575;1173280675.sql;1173947575.sql;74;74;438;438;0;0;0;0;1;0;0;0
292;1173948438;1173947575.sql;1173948438.sql;74;74;438;438;0;0;0;0;0;0;0;0
293;1173950954;1173948438.sql;1173950954.sql;74;74;438;438;0;0;0;0;1;0;0;0
294;1173951050;1173950954.sql;1173951050.sql;74;74;438;438;0;0;0;0;0;0;0;0
295;1173951056;1173951050.sql;1173951056.sql;74;74;438;438;0;0;0;0;0;0;0;0
296;1173951206;1173951056.sql;1173951206.sql;74;74;438;438;0;0;0;0;0;0;0;0
297;1175515847;1173951206.sql;1175515847.sql;74;74;438;438;0;0;0;0;1;0;0;0
298;1176967593;1175515847.sql;1176967593.sql;74;74;438;438;0;0;0;0;0;0;0;0
299;1180605104;1176967593.sql;1180605104.sql;74;74;438;439;0;0;1;0;0;0;0;0
300;1180955101;1180605104.sql;1180955101.sql;74;74;439;438;0;0;0;1;0;0;0;0
301;1183378856;1180955101.sql;1183378856.sql;74;74;438;438;0;0;0;0;0;0;0;0
302;1183380183;1183378856.sql;1183380183.sql;74;74;438;438;0;0;0;0;0;0;0;0
303;1183457514;1183380183.sql;1183457514.sql;74;74;438;439;0;0;1;0;0;0;0;0
304;1183633794;1183457514.sql;1183633794.sql;74;74;439;440;0;0;1;0;0;0;0;0
305;1183994980;1183633794.sql;1183994980.sql;74;74;440;440;0;0;0;0;0;0;0;0
306;1184054169;1183994980.sql;1184054169.sql;74;74;440;440;0;0;0;0;0;0;0;0
307;1184337946;1184054169.sql;1184337946.sql;74;74;440;442;0;0;2;0;0;0;0;0
308;1184343976;1184337946.sql;1184343976.sql;74;74;442;444;0;0;2;0;0;0;0;0
309;1184344092;1184343976.sql;1184344092.sql;74;74;444;442;0;0;0;2;0;0;0;0
310;1189603162;1184344092.sql;1189603162.sql;74;74;442;446;0;0;4;0;2;0;0;0
311;1193915361;1189603162.sql;1193915361.sql;74;74;446;446;0;0;0;0;0;0;0;0
312;1195162562;1193915361.sql;1195162562.sql;74;74;446;446;0;0;0;0;1;0;0;0
313;1201167647;1195162562.sql;1201167647.sql;74;74;446;446;0;0;0;0;1;0;0;0
314;1201170461;1201167647.sql;1201170461.sql;74;69;446;419;0;5;1;0;2;0;0;28
315;1201171158;1201170461.sql;1201171158.sql;69;69;419;419;0;0;0;0;1;0;0;0
316;1201511282;1201171158.sql;1201511282.sql;69;69;419;419;0;0;0;0;0;0;0;0
317;1210580722;1201511282.sql;1210580722.sql;69;69;419;420;0;0;2;1;0;0;0;0
318;1211280019;1210580722.sql;1211280019.sql;69;69;420;420;0;0;0;0;0;0;0;0
319;1213199487;1211280019.sql;1213199487.sql;69;69;420;420;0;0;0;0;0;0;0;0
320;1215684454;1213199487.sql;1215684454.sql;69;69;420;420;0;0;0;0;0;0;0;0
321;1215684861;1215684454.sql;1215684861.sql;69;71;420;425;2;0;0;0;0;0;5;0
322;1216368705;1215684861.sql;1216368705.sql;71;71;425;425;0;0;1;1;0;0;0;0
323;1216384782;1216368705.sql;1216384782.sql;71;71;425;425;0;0;0;0;0;0;0;0
324;1216392354;1216384782.sql;1216392354.sql;71;71;425;427;0;0;2;0;0;0;0;0
325;1216909127;1216392354.sql;1216909127.sql;71;71;427;429;0;0;2;0;0;0;0;0
326;1217064404;1216909127.sql;1217064404.sql;71;71;429;429;0;0;0;0;0;0;0;0
327;1217326801;1217064404.sql;1217326801.sql;71;71;429;429;0;0;0;0;0;0;0;0
328;1217334558;1217326801.sql;1217334558.sql;71;71;429;429;0;0;0;0;0;0;0;0
329;1217618141;1217334558.sql;1217618141.sql;71;71;429;429;0;0;0;0;1;0;0;0
330;1217762307;1217618141.sql;1217762307.sql;71;71;429;429;0;0;0;0;0;0;0;0
331;1225101152;1217762307.sql;1225101152.sql;71;71;429;431;0;0;2;0;4;0;0;0
332;1225124399;1225101152.sql;1225124399.sql;71;71;431;431;0;0;0;0;0;0;0;0
333;1225143031;1225124399.sql;1225143031.sql;71;71;431;429;0;0;0;2;4;0;0;0
334;1225288803;1225143031.sql;1225288803.sql;71;71;429;431;0;0;2;0;4;0;0;0
335;1225288936;1225288803.sql;1225288936.sql;71;71;431;431;0;0;0;0;0;0;0;0
336;1225466502;1225288936.sql;1225466502.sql;71;71;431;431;0;0;0;0;0;0;0;0
337;1231939228;1225466502.sql;1231939228.sql;71;71;431;431;0;0;6;6;1;0;0;0
338;1236093016;1231939228.sql;1236093016.sql;71;71;431;431;0;0;1;1;3;0;0;0
339;1236931796;1236093016.sql;1236931796.sql;71;71;431;431;0;0;0;0;0;0;0;0
340;1236931846;1236931796.sql;1236931846.sql;71;71;431;431;0;0;0;0;0;0;0;0
341;1241616909;1236931846.sql;1241616909.sql;71;75;431;455;4;0;0;0;1;0;24;0
342;1242051112;1241616909.sql;1242051112.sql;75;75;455;456;0;0;1;0;0;0;0;0
343;1242830668;1242051112.sql;1242830668.sql;75;75;456;456;0;0;0;0;0;0;0;0
344;1243512591;1242830668.sql;1243512591.sql;75;75;456;456;0;0;0;0;0;0;0;0
345;1243512638;1243512591.sql;1243512638.sql;75;75;456;456;0;0;0;0;0;0;0;0
346;1247739839;1243512638.sql;1247739839.sql;75;73;456;444;0;2;1;0;1;1;0;13
347;1247749579;1247739839.sql;1247749579.sql;73;75;444;456;2;0;0;1;1;1;13;0
348;1248962088;1247749579.sql;1248962088.sql;75;75;456;456;0;0;0;0;0;0;0;0
349;1248962312;1248962088.sql;1248962312.sql;75;75;456;456;0;0;0;0;0;0;0;0
350;1249292359;1248962312.sql;1249292359.sql;75;72;456;437;0;3;0;0;0;0;0;19
351;1249292574;1249292359.sql;1249292574.sql;72;72;437;437;0;0;0;0;0;0;0;0
352;1253522652;1249292574.sql;1253522652.sql;72;72;437;437;0;0;0;0;0;0;0;0
353;1254899306;1253522652.sql;1254899306.sql;72;72;437;437;0;0;0;0;0;0;0;0
354;1256035664;1254899306.sql;1256035664.sql;72;72;437;437;0;0;0;0;1;0;0;0
355;1256647052;1256035664.sql;1256647052.sql;72;72;437;437;0;0;0;0;1;0;0;0
356;1256649805;1256647052.sql;1256649805.sql;72;72;437;437;0;0;0;0;0;0;0;0
357;1260790711;1256649805.sql;1260790711.sql;72;72;437;437;0;0;0;0;0;0;0;0
358;1260791895;1260790711.sql;1260791895.sql;72;72;437;438;0;0;1;0;0;0;0;0
359;1262945428;1260791895.sql;1262945428.sql;72;72;438;438;0;0;0;0;1;0;0;0
360;1262946454;1262945428.sql;1262946454.sql;72;72;438;438;0;0;0;0;1;0;0;0
361;1268652439;1262946454.sql;1268652439.sql;72;72;438;438;0;0;0;0;0;0;0;0
362;1268653480;1268652439.sql;1268653480.sql;72;72;438;438;0;0;0;0;0;0;0;0
363;1268653640;1268653480.sql;1268653640.sql;72;72;438;438;0;0;0;0;0;0;0;0
364;1275482069;1268653640.sql;1275482069.sql;72;72;438;438;0;0;0;0;0;0;0;0
365;1275482194;1275482069.sql;1275482194.sql;72;72;438;438;0;0;0;0;1;0;0;0
366;1275482606;1275482194.sql;1275482606.sql;72;72;438;438;0;0;0;0;0;0;0;0
367;1275569140;1275482606.sql;1275569140.sql;72;72;438;438;0;0;1;1;0;0;0;0
368;1275570275;1275569140.sql;1275570275.sql;72;72;438;438;0;0;0;0;0;0;0;0
369;1275992493;1275570275.sql;1275992493.sql;72;72;438;438;0;0;0;0;0;0;0;0
370;1282743799;1275992493.sql;1282743799.sql;72;72;438;438;0;0;0;0;0;0;0;0
371;1282744410;1282743799.sql;1282744410.sql;72;72;438;438;1;1;0;0;0;0;3;3
372;1283354953;1282744410.sql;1283354953.sql;72;72;438;438;0;0;0;0;0;0;0;0
373;1283355056;1283354953.sql;1283355056.sql;72;72;438;438;0;0;0;0;0;0;0;0
374;1283355642;1283355056.sql;1283355642.sql;72;72;438;438;0;0;0;0;0;0;0;0
375;1289470169;1283355642.sql;1289470169.sql;72;73;438;442;1;0;0;0;0;0;4;0
376;1290616003;1289470169.sql;1290616003.sql;73;73;442;442;0;0;0;0;0;1;0;0
377;1290616076;1290616003.sql;1290616076.sql;73;73;442;442;0;0;0;0;0;0;0;0
378;1290616176;1290616076.sql;1290616176.sql;73;73;442;442;0;0;0;0;0;0;0;0
379;1297182856;1290616176.sql;1297182856.sql;73;73;442;442;0;0;0;0;1;0;0;0
380;1297251372;1297182856.sql;1297251372.sql;73;72;442;439;0;1;5;0;1;0;0;8
381;1297262687;1297251372.sql;1297262687.sql;72;72;439;438;0;0;0;1;0;0;0;0
382;1297852436;1297262687.sql;1297852436.sql;72;73;438;441;1;0;0;5;1;0;8;0
383;1299060276;1297852436.sql;1299060276.sql;73;73;441;441;0;0;0;0;0;0;0;0
384;1299062249;1299060276.sql;1299062249.sql;73;73;441;441;0;0;0;0;0;0;0;0
385;1299064116;1299062249.sql;1299064116.sql;73;73;441;441;0;0;0;0;0;0;0;0
386;1299065540;1299064116.sql;1299065540.sql;73;73;441;441;0;0;0;0;0;0;0;0
387;1299083142;1299065540.sql;1299083142.sql;73;73;441;441;0;0;0;0;0;0;0;0
388;1299085928;1299083142.sql;1299085928.sql;73;73;441;441;0;0;0;0;0;0;0;0
389;1299508104;1299085928.sql;1299508104.sql;73;73;441;441;0;0;0;0;0;0;0;0
390;1299598240;1299508104.sql;1299598240.sql;73;73;441;441;0;0;0;0;0;0;0;0
391;1299848628;1299598240.sql;1299848628.sql;73;73;441;440;0;0;0;1;0;0;0;0
392;1300131892;1299848628.sql;1300131892.sql;73;73;440;441;0;0;1;0;0;0;0;0
393;1300963135;1300131892.sql;1300963135.sql;73;73;441;441;0;0;0;0;0;0;0;0
394;1300963654;1300963135.sql;1300963654.sql;73;73;441;441;0;0;0;0;0;0;0;0
395;1300974326;1300963654.sql;1300974326.sql;73;73;441;441;0;0;0;0;0;0;0;0
396;1301662334;1300974326.sql;1301662334.sql;73;73;441;441;0;0;0;0;0;0;0;0
397;1301662610;1301662334.sql;1301662610.sql;73;73;441;441;0;0;0;0;0;0;0;0
398;1304425490;1301662610.sql;1304425490.sql;73;73;441;441;0;0;0;0;0;0;0;0
399;1304681011;1304425490.sql;1304681011.sql;73;73;441;441;0;0;0;0;0;0;0;0
400;1304681121;1304681011.sql;1304681121.sql;73;73;441;440;0;0;0;1;0;0;0;0
401;1304685122;1304681121.sql;1304685122.sql;73;73;440;440;0;0;0;0;0;0;0;0
402;1305287249;1304685122.sql;1305287249.sql;73;73;440;440;0;0;0;0;0;0;0;0
403;1306162357;1305287249.sql;1306162357.sql;73;73;440;440;0;0;0;0;0;0;0;0
404;1309185724;1306162357.sql;1309185724.sql;73;73;440;440;0;0;0;0;0;0;0;0
405;1310554686;1309185724.sql;1310554686.sql;73;78;440;467;5;0;0;0;1;0;27;0
406;1311168174;1310554686.sql;1311168174.sql;78;78;467;468;0;0;1;0;0;0;0;0
407;1312448679;1311168174.sql;1312448679.sql;78;78;468;468;0;0;0;0;0;0;0;0
408;1312537053;1312448679.sql;1312537053.sql;78;78;468;468;0;0;0;0;0;0;0;0
409;1312975522;1312537053.sql;1312975522.sql;78;78;468;468;0;0;0;0;0;0;0;0
410;1313059186;1312975522.sql;1313059186.sql;78;78;468;468;0;0;0;0;1;0;0;0
411;1313412244;1313059186.sql;1313412244.sql;78;78;468;468;0;0;0;0;0;0;0;0
412;1314010152;1313412244.sql;1314010152.sql;78;78;468;468;0;0;0;0;0;0;0;0
413;1314010681;1314010152.sql;1314010681.sql;78;78;468;468;0;0;0;0;0;0;0;0
414;1314879088;1314010681.sql;1314879088.sql;78;78;468;468;0;0;0;0;0;0;0;0
415;1317048722;1314879088.sql;1317048722.sql;78;78;468;468;0;0;0;0;0;0;0;0
416;1317129206;1317048722.sql;1317129206.sql;78;78;468;468;0;0;0;0;1;0;0;0
417;1317220974;1317129206.sql;1317220974.sql;78;72;468;462;0;6;24;0;0;0;0;30
418;1317377178;1317220974.sql;1317377178.sql;72;73;462;470;1;0;0;0;0;0;8;0
419;1321632376;1317377178.sql;1321632376.sql;73;73;470;470;0;0;0;0;0;0;0;0
420;1323363652;1321632376.sql;1323363652.sql;73;73;470;470;0;0;0;0;0;0;0;0
421;1324303578;1323363652.sql;1324303578.sql;73;73;470;470;0;0;0;0;0;0;0;0
422;1324303716;1324303578.sql;1324303716.sql;73;73;470;470;0;0;0;0;0;0;0;0
423;1324395896;1324303716.sql;1324395896.sql;73;73;470;470;0;0;0;0;0;0;0;0
424;1324553749;1324395896.sql;1324553749.sql;73;73;470;470;0;0;0;0;0;0;0;0
425;1325585808;1324553749.sql;1325585808.sql;73;73;470;470;0;0;0;0;6;0;0;0
426;1325848218;1325585808.sql;1325848218.sql;73;73;470;470;0;0;0;0;0;0;0;0
427;1326149522;1325848218.sql;1326149522.sql;73;73;470;470;0;0;0;0;0;0;0;0
428;1330430428;1326149522.sql;1330430428.sql;73;73;470;470;0;0;0;0;0;0;0;0
429;1330679659;1330430428.sql;1330679659.sql;73;74;470;476;1;0;0;0;2;0;6;0
430;1330686978;1330679659.sql;1330686978.sql;74;74;476;476;0;0;0;0;0;0;0;0
431;1332949372;1330686978.sql;1332949372.sql;74;74;476;476;0;0;0;0;0;0;0;0
432;1334240451;1332949372.sql;1334240451.sql;74;74;476;476;0;0;0;0;0;0;0;0
433;1337696614;1334240451.sql;1337696614.sql;74;74;476;476;0;0;0;0;0;0;0;0
434;1338548383;1337696614.sql;1338548383.sql;74;75;476;483;1;0;5;2;1;0;4;0
435;1338977739;1338548383.sql;1338977739.sql;75;75;483;483;0;0;0;0;0;0;0;0
436;1339077627;1338977739.sql;1339077627.sql;75;75;483;483;0;0;0;0;0;0;0;0
437;1339154049;1339077627.sql;1339154049.sql;75;75;483;484;0;0;1;0;0;0;0;0
438;1340642120;1339154049.sql;1340642120.sql;75;75;484;484;0;0;0;0;0;0;0;0
439;1341480577;1340642120.sql;1341480577.sql;75;75;484;484;0;0;0;0;0;0;0;0
440;1344506938;1341480577.sql;1344506938.sql;75;75;484;484;0;0;0;0;0;0;0;0
441;1344507033;1344506938.sql;1344507033.sql;75;75;484;484;0;0;0;0;0;0;0;0
442;1351169612;1344507033.sql;1351169612.sql;75;75;484;484;0;0;0;0;0;0;0;0
443;1351510749;1351169612.sql;1351510749.sql;75;75;484;485;0;0;2;1;0;1;0;0
444;1351515509;1351510749.sql;1351515509.sql;75;75;485;485;0;0;0;0;7;0;0;0
445;1352108367;1351515509.sql;1352108367.sql;75;75;485;485;0;0;0;0;0;0;0;0
446;1352114782;1352108367.sql;1352114782.sql;75;75;485;486;0;0;1;0;0;0;0;0
447;1352127812;1352114782.sql;1352127812.sql;75;75;486;486;0;0;0;0;0;0;0;0
448;1359737080;1352127812.sql;1359737080.sql;75;75;486;486;0;0;0;0;0;0;0;0
449;1359980809;1359737080.sql;1359980809.sql;75;75;486;486;0;0;0;0;0;0;0;0
450;1366039886;1359980809.sql;1366039886.sql;75;75;486;486;0;0;0;0;0;0;0;0
451;1366040912;1366039886.sql;1366040912.sql;75;76;486;491;1;0;0;0;0;0;5;0
452;1366041307;1366040912.sql;1366041307.sql;76;77;491;493;1;0;0;0;0;0;2;0
453;1366272021;1366041307.sql;1366272021.sql;77;77;493;495;0;0;3;1;0;1;0;0
454;1367482576;1366272021.sql;1367482576.sql;77;77;495;495;0;0;0;0;0;0;0;0
455;1368088123;1367482576.sql;1368088123.sql;77;77;495;495;0;0;0;0;0;0;0;0
456;1369927911;1368088123.sql;1369927911.sql;77;77;495;495;0;0;0;0;0;0;0;0
457;1370531935;1369927911.sql;1370531935.sql;77;77;495;495;0;0;0;0;0;0;0;0
458;1372321274;1370531935.sql;1372321274.sql;77;77;495;495;0;0;0;0;0;0;0;0
459;1374683057;1372321274.sql;1374683057.sql;77;78;495;496;1;0;1;1;2;0;1;0
460;1375115304;1374683057.sql;1375115304.sql;78;79;496;498;1;0;0;0;0;0;2;0
461;1375176772;1375115304.sql;1375176772.sql;79;79;498;498;0;0;0;0;1;0;0;0
462;1375458692;1375176772.sql;1375458692.sql;79;79;498;498;0;0;0;0;0;0;0;0
463;1377614620;1375458692.sql;1377614620.sql;79;78;498;495;0;1;0;0;0;0;0;3
464;1378217799;1377614620.sql;1378217799.sql;78;74;495;475;0;4;0;2;0;0;0;18
465;1378977989;1378217799.sql;1378977989.sql;74;74;475;475;0;0;0;0;0;0;0;0
466;1382520560;1378977989.sql;1382520560.sql;74;74;475;475;0;0;0;0;0;0;0;0
467;1385398190;1382520560.sql;1385398190.sql;74;74;475;475;0;0;0;0;0;0;0;0
468;1385633251;1385398190.sql;1385633251.sql;74;74;475;476;0;0;1;0;0;0;0;0
469;1386263554;1385633251.sql;1386263554.sql;74;75;476;482;1;0;0;0;0;0;6;0
470;1386349644;1386263554.sql;1386349644.sql;75;75;482;482;0;0;0;0;0;0;0;0
471;1386689515;1386349644.sql;1386689515.sql;75;75;482;482;0;0;0;0;0;0;0;0
472;1386690832;1386689515.sql;1386690832.sql;75;75;482;482;0;0;0;0;0;0;0;0
473;1389628077;1386690832.sql;1389628077.sql;75;75;482;482;0;0;0;0;1;0;0;0
474;1390403548;1389628077.sql;1390403548.sql;75;75;482;482;0;0;0;0;0;0;0;0
475;1390570392;1390403548.sql;1390570392.sql;75;75;482;482;0;0;0;0;0;0;0;0
476;1394472837;1390570392.sql;1394472837.sql;75;75;482;482;0;0;0;0;0;0;0;0
477;1397038335;1394472837.sql;1397038335.sql;75;72;482;461;0;3;0;0;0;0;0;21
478;1397638566;1397038335.sql;1397638566.sql;72;72;461;461;0;0;0;0;0;0;0;0
479;1406900841;1397638566.sql;1406900841.sql;72;72;461;461;0;0;0;0;0;0;0;0
480;1411379297;1406900841.sql;1411379297.sql;72;72;461;461;0;0;0;0;0;0;0;0
481;1412936668;1411379297.sql;1412936668.sql;72;72;461;461;0;0;0;0;2;0;0;0
482;1413282780;1412936668.sql;1413282780.sql;72;72;461;461;0;0;0;0;0;0;0;0
483;1414515084;1413282780.sql;1414515084.sql;72;72;461;461;0;0;0;0;2;0;0;0
484;1417785339;1414515084.sql;1417785339.sql;72;72;461;461;0;0;0;0;0;0;0;0
485;1420798468;1417785339.sql;1420798468.sql;72;72;461;461;0;0;0;0;0;0;0;0
486;1423656438;1420798468.sql;1423656438.sql;72;72;461;461;0;0;0;0;1;0;0;0
487;1423665267;1423656438.sql;1423665267.sql;72;72;461;461;0;0;0;0;0;0;0;0
488;1424163786;1423665267.sql;1424163786.sql;72;72;461;461;0;0;0;0;0;0;0;0
489;1426517467;1424163786.sql;1426517467.sql;72;72;461;461;0;0;0;0;0;0;0;0
490;1427108044;1426517467.sql;1427108044.sql;72;72;461;461;0;0;0;0;2;0;0;0
491;1427131583;1427108044.sql;1427131583.sql;72;72;461;461;0;0;0;0;1;0;0;0
492;1427205721;1427131583.sql;1427205721.sql;72;72;461;461;0;0;0;0;0;0;0;0
493;1432221609;1427205721.sql;1432221609.sql;72;72;461;461;0;0;0;0;0;0;0;0
494;1435325251;1432221609.sql;1435325251.sql;72;72;461;462;0;0;1;0;0;0;0;0
495;1435330633;1435325251.sql;1435330633.sql;72;72;462;463;0;0;1;0;0;0;0;0
496;1435754956;1435330633.sql;1435754956.sql;72;72;463;462;0;0;0;1;0;0;0;0
497;1435754998;1435754956.sql;1435754998.sql;72;72;462;461;0;0;0;1;0;0;0;0
498;1437401774;1435754998.sql;1437401774.sql;72;72;461;461;0;0;0;0;0;0;0;0
499;1437404726;1437401774.sql;1437404726.sql;72;72;461;461;0;0;0;0;2;0;0;0
500;1437425862;1437404726.sql;1437425862.sql;72;72;461;461;0;0;0;0;0;0;0;0
501;1437482216;1437425862.sql;1437482216.sql;72;72;461;461;0;0;0;0;0;0;0;0
502;1444723442;1437482216.sql;1444723442.sql;72;72;461;461;0;0;0;0;0;0;0;0
503;1449047789;1444723442.sql;1449047789.sql;72;72;461;461;0;0;0;0;0;0;0;0
504;1449047919;1449047789.sql;1449047919.sql;72;72;461;461;0;0;0;0;0;0;0;0
505;1449047973;1449047919.sql;1449047973.sql;72;72;461;461;0;0;0;0;0;0;0;0
506;1449854704;1449047973.sql;1449854704.sql;72;72;461;461;0;0;0;0;1;0;0;0
507;1451917655;1449854704.sql;1451917655.sql;72;72;461;461;0;0;0;0;0;0;0;0
508;1453402869;1451917655.sql;1453402869.sql;72;72;461;461;0;0;0;0;0;0;0;0
509;1462876107;1453402869.sql;1462876107.sql;72;72;461;461;0;0;0;0;0;0;0;0
510;1462876908;1462876107.sql;1462876908.sql;72;72;461;461;0;0;0;0;0;0;0;0
511;1464947189;1462876908.sql;1464947189.sql;72;72;461;461;0;0;0;0;0;0;0;0
512;1464947792;1464947189.sql;1464947792.sql;72;72;461;461;0;0;0;0;0;0;0;0
513;1464950389;1464947792.sql;1464950389.sql;72;72;461;461;0;0;0;0;0;0;0;0
514;1466768047;1464950389.sql;1466768047.sql;72;73;461;464;1;0;0;0;0;0;3;0
515;1469014281;1466768047.sql;1469014281.sql;73;72;464;461;0;1;0;0;0;0;0;3
516;1470146270;1469014281.sql;1470146270.sql;72;73;461;464;1;0;0;0;0;0;3;0
517;1470152227;1470146270.sql;1470152227.sql;73;73;464;464;0;0;0;0;0;0;0;0
518;1471875913;1470152227.sql;1471875913.sql;73;73;464;464;0;0;0;0;0;0;0;0
519;1474453931;1471875913.sql;1474453931.sql;73;73;464;464;0;0;0;0;0;0;0;0
520;1475595451;1474453931.sql;1475595451.sql;73;73;464;464;0;0;0;0;0;0;0;0
521;1483623009;1475595451.sql;1483623009.sql;73;73;464;464;0;0;0;0;0;0;0;0
522;1483634298;1483623009.sql;1483634298.sql;73;73;464;464;0;0;0;0;1;0;0;0
523;1483696593;1483634298.sql;1483696593.sql;73;73;464;464;0;0;0;0;0;0;0;0
524;1484653921;1483696593.sql;1484653921.sql;73;73;464;464;0;0;0;0;0;0;0;0
525;1485535020;1484653921.sql;1485535020.sql;73;73;464;464;0;0;0;0;0;0;0;0
526;1485786911;1485535020.sql;1485786911.sql;73;73;464;464;0;0;0;0;0;0;0;0
