trID	epochTime	oldVer	newVer	humanTime	distFromV0InDays	runningYearFromV0	runningMonthFromV0	#numOldTables	#numNewTables	#numOldAttrs	#numNewAttrs	tablesIns	tablesDel	attrsInsWithTableIns	attrsbDelWithTableDel	attrsInjected	attrsEjected	attrsWithTypeUpd	attrsInPKUpd	tableDelta	attrDelta	attrBirthsSum	attrDeathsSum	attrUpdsSum	Expansion	Maintenance	TotalAttrActivity	
0	0939579864		0939579864.sql	1999-10-10 18:24:24	0	0	0		19		82	19	0	82	0	0	0	0	0			82	0	0	82	0	82	
1	0939669579	0939579864.sql	0939669579.sql	1999-10-11 19:19:39	1	1	1	19	17	82	75	0	2	0	7	0	0	0	1	-2	-7	0	7	1	0	8	8	
2	0940867719	0939669579.sql	0940867719.sql	1999-10-25 16:08:39	14	1	1	17	18	75	83	1	0	6	0	2	0	5	0	1	8	8	0	5	8	5	13	
3	0942168743	0940867719.sql	0942168743.sql	1999-11-09 17:32:23	29	1	1	18	18	83	83	0	0	0	0	0	0	0	4	0	0	0	0	4	0	4	4	
4	0943365716	0942168743.sql	0943365716.sql	1999-11-23 14:01:56	43	1	2	18	18	83	83	0	0	0	0	4	4	0	0	0	0	4	4	0	4	4	8	
5	0943365844	0943365716.sql	0943365844.sql	1999-11-23 14:04:04	43	1	2	18	18	83	83	0	0	0	0	4	4	0	0	0	0	4	4	0	4	4	8	
6	0943366406	0943365844.sql	0943366406.sql	1999-11-23 14:13:26	43	1	2	18	18	83	83	0	0	0	0	6	6	0	0	0	0	6	6	0	6	6	12	
7	0947177076	0943366406.sql	0947177076.sql	2000-01-06 16:44:36	87	1	3	18	18	83	83	0	0	0	0	0	0	1	0	0	0	0	0	1	0	1	1	
8	0947516385	0947177076.sql	0947516385.sql	2000-01-10 14:59:45	91	1	3	18	18	83	85	0	0	0	0	3	1	5	0	0	2	3	1	5	3	6	9	
9	0947517057	0947516385.sql	0947517057.sql	2000-01-10 15:10:57	91	1	3	18	20	85	93	2	0	8	0	0	0	0	0	2	8	8	0	0	8	0	8	
10	0947689078	0947517057.sql	0947689078.sql	2000-01-12 14:57:58	93	1	4	20	20	93	93	0	0	0	0	0	0	1	0	0	0	0	0	1	0	1	1	
11	0947690071	0947689078.sql	0947690071.sql	2000-01-12 15:14:31	93	1	4	20	20	93	93	0	0	0	0	0	0	1	0	0	0	0	0	1	0	1	1	
12	0947763933	0947690071.sql	0947763933.sql	2000-01-13 11:45:33	94	1	4	20	20	93	93	0	0	0	0	0	0	0	0	0	0	0	0	0	0	0	0	
13	0947776597	0947763933.sql	0947776597.sql	2000-01-13 15:16:37	94	1	4	20	21	93	95	1	0	2	0	0	0	0	0	1	2	2	0	0	2	0	2	
14	0947851648	0947776597.sql	0947851648.sql	2000-01-14 12:07:28	95	1	4	21	21	95	98	0	0	0	0	5	2	0	0	0	3	5	2	0	5	2	7	
15	0947859071	0947851648.sql	0947859071.sql	2000-01-14 14:11:11	95	1	4	21	21	98	98	0	0	0	0	0	0	0	1	0	0	0	0	1	0	1	1	
16	0947866332	0947859071.sql	0947866332.sql	2000-01-14 16:12:12	95	1	4	21	21	98	99	0	0	0	0	1	0	0	0	0	1	1	0	0	1	0	1	
17	0947957463	0947866332.sql	0947957463.sql	2000-01-15 17:31:03	96	1	4	21	21	99	99	0	0	0	0	0	0	0	1	0	0	0	0	1	0	1	1	
18	0948025460	0947957463.sql	0948025460.sql	2000-01-16 12:24:20	97	1	4	21	20	99	99	0	1	0	4	4	0	0	0	-1	0	4	4	0	4	4	8	
19	0948308154	0948025460.sql	0948308154.sql	2000-01-19 18:55:54	101	1	4	20	20	99	99	0	0	0	0	0	0	0	3	0	0	0	0	3	0	3	3	
20	0948360147	0948308154.sql	0948360147.sql	2000-01-20 09:22:27	101	1	4	20	21	99	109	1	0	10	0	0	0	0	0	1	10	10	0	0	10	0	10	
21	0948376743	0948360147.sql	0948376743.sql	2000-01-20 13:59:03	101	1	4	21	21	109	109	1	1	10	10	0	0	0	0	0	0	10	10	0	10	10	20	
22	0948378884	0948376743.sql	0948378884.sql	2000-01-20 14:34:44	101	1	4	21	21	109	109	0	0	0	0	0	0	0	3	0	0	0	0	3	0	3	3	
23	0948564793	0948378884.sql	0948564793.sql	2000-01-22 18:13:13	103	1	4	21	21	109	119	0	0	0	0	11	1	0	0	0	10	11	1	0	11	1	12	
24	0948572139	0948564793.sql	0948572139.sql	2000-01-22 20:15:39	104	1	4	21	21	119	119	0	0	0	0	0	0	0	3	0	0	0	0	3	0	3	3	
25	0948713104	0948572139.sql	0948713104.sql	2000-01-24 11:25:04	105	1	4	21	21	119	119	0	0	0	0	0	0	1	0	0	0	0	0	1	0	1	1	
26	0948735285	0948713104.sql	0948735285.sql	2000-01-24 17:34:45	105	1	4	21	21	119	118	0	0	0	0	0	1	0	0	0	-1	0	1	0	0	1	1	
27	0948990188	0948735285.sql	0948990188.sql	2000-01-27 16:23:08	108	1	4	21	21	118	118	0	0	0	0	0	0	2	0	0	0	0	0	2	0	2	2	
28	0950275874	0948990188.sql	0950275874.sql	2000-02-11 13:31:14	123	1	5	21	22	118	133	1	0	16	0	0	1	1	0	1	15	16	1	1	16	2	18	
29	0950286372	0950275874.sql	0950286372.sql	2000-02-11 16:26:12	123	1	5	22	20	133	128	0	2	0	5	0	0	2	0	-2	-5	0	5	2	0	7	7	
30	0954509558	0950286372.sql	0954509558.sql	2000-03-31 13:32:38	172	1	6	20	20	128	128	0	0	0	0	1	1	1	2	0	0	1	1	3	1	4	5	
31	0954749479	0954509558.sql	0954749479.sql	2000-04-03 08:11:19	175	1	6	20	21	128	137	1	0	9	0	0	0	0	0	1	9	9	0	0	9	0	9	
32	0954834295	0954749479.sql	0954834295.sql	2000-04-04 07:44:55	176	1	6	21	20	137	128	0	1	0	7	2	4	0	0	-1	-9	2	11	0	2	11	13	
33	0955476819	0954834295.sql	0955476819.sql	2000-04-11 18:13:39	183	1	7	20	20	128	129	0	0	0	0	1	0	0	0	0	1	1	0	0	1	0	1	
34	0956157214	0955476819.sql	0956157214.sql	2000-04-19 15:13:34	191	1	7	20	21	129	132	2	1	7	2	0	2	0	0	1	3	7	4	0	7	4	11	
35	0956591404	0956157214.sql	0956591404.sql	2000-04-24 15:50:04	196	1	7	21	21	132	132	0	0	0	0	0	0	1	0	0	0	0	0	1	0	1	1	
36	0958134737	0956591404.sql	0958134737.sql	2000-05-12 12:32:17	214	1	8	21	21	132	132	0	0	0	0	0	0	1	0	0	0	0	0	1	0	1	1	
37	0959105910	0958134737.sql	0959105910.sql	2000-05-23 18:18:30	225	1	8	21	21	132	132	0	0	0	0	0	0	2	0	0	0	0	0	2	0	2	2	
38	0959684792	0959105910.sql	0959684792.sql	2000-05-30 11:06:32	232	1	8	21	23	132	142	2	0	6	0	4	0	2	0	2	10	10	0	2	10	2	12	
39	0959962730	0959684792.sql	0959962730.sql	2000-06-02 16:18:50	235	1	8	23	23	142	142	0	0	0	0	0	0	2	0	0	0	0	0	2	0	2	2	
40	0960147956	0959962730.sql	0960147956.sql	2000-06-04 19:45:56	238	1	8	23	23	142	142	0	0	0	0	0	0	0	0	0	0	0	0	0	0	0	0	
41	0960231087	0960147956.sql	0960231087.sql	2000-06-05 18:51:27	239	1	8	23	23	142	142	0	0	0	0	0	0	3	0	0	0	0	0	3	0	3	3	
42	0960292008	0960231087.sql	0960292008.sql	2000-06-06 11:46:48	239	1	8	23	23	142	142	0	0	0	0	0	0	5	0	0	0	0	0	5	0	5	5	
43	0960977369	0960292008.sql	0960977369.sql	2000-06-14 10:09:29	247	1	9	23	23	142	142	0	0	0	0	0	0	0	0	0	0	0	0	0	0	0	0	
44	0961418039	0960977369.sql	0961418039.sql	2000-06-19 12:33:59	252	1	9	23	23	142	142	0	0	0	0	0	0	0	0	0	0	0	0	0	0	0	0	
45	0961576333	0961418039.sql	0961576333.sql	2000-06-21 08:32:13	254	1	9	23	23	142	142	0	0	0	0	0	0	0	1	0	0	0	0	1	0	1	1	
46	0961709499	0961576333.sql	0961709499.sql	2000-06-22 21:31:39	256	1	9	23	23	142	142	0	0	0	0	0	0	0	0	0	0	0	0	0	0	0	0	
47	0961787018	0961709499.sql	0961787018.sql	2000-06-23 19:03:38	257	1	9	23	23	142	142	0	0	0	0	0	0	0	0	0	0	0	0	0	0	0	0	
48	0963487259	0961787018.sql	0963487259.sql	2000-07-13 11:20:59	276	1	10	23	23	142	144	1	1	3	2	3	2	1	1	0	2	6	4	2	6	6	12	
49	0963591560	0963487259.sql	0963591560.sql	2000-07-14 16:19:20	277	1	10	23	23	144	144	0	0	0	0	2	2	0	0	0	0	2	2	0	2	2	4	
50	0965037266	0963591560.sql	0965037266.sql	2000-07-31 09:54:26	294	1	10	23	23	144	144	0	0	0	0	0	0	0	0	0	0	0	0	0	0	0	0	
51	0967806901	0965037266.sql	0967806901.sql	2000-09-01 11:15:01	326	1	11	23	24	144	146	1	0	2	0	0	0	0	0	1	2	2	0	0	2	0	2	
52	0968110509	0967806901.sql	0968110509.sql	2000-09-04 23:35:09	330	1	11	24	25	146	155	1	0	9	0	0	0	0	0	1	9	9	0	0	9	0	9	
53	0968140918	0968110509.sql	0968140918.sql	2000-09-05 08:01:58	330	1	11	25	25	155	157	0	0	0	0	6	4	0	0	0	2	6	4	0	6	4	10	
54	0968419733	0968140918.sql	0968419733.sql	2000-09-08 13:28:53	333	1	11	25	25	157	163	0	0	0	0	6	0	0	0	0	6	6	0	0	6	0	6	
55	0970476987	0968419733.sql	0970476987.sql	2000-10-02 08:56:27	357	1	12	25	27	163	173	2	0	10	0	0	0	0	0	2	10	10	0	0	10	0	10	
56	0972813697	0970476987.sql	0972813697.sql	2000-10-29 10:01:37	384	2	13	27	27	173	174	0	0	0	0	1	0	0	0	0	1	1	0	0	1	0	1	
57	0973790556	0972813697.sql	0973790556.sql	2000-11-09 17:22:36	395	2	13	27	28	174	183	1	0	9	0	0	0	0	0	1	9	9	0	0	9	0	9	
58	0974478124	0973790556.sql	0974478124.sql	2000-11-17 16:22:04	403	2	14	28	29	183	187	1	0	2	0	2	0	0	0	1	4	4	0	0	4	0	4	
59	0975065585	0974478124.sql	0975065585.sql	2000-11-24 11:33:05	410	2	14	29	29	187	187	0	0	0	0	0	0	1	0	0	0	0	0	1	0	1	1	
60	0978538041	0975065585.sql	0978538041.sql	2001-01-03 16:07:21	450	2	15	29	29	187	187	0	0	0	0	0	0	0	0	0	0	0	0	0	0	0	0	
61	0979829802	0978538041.sql	0979829802.sql	2001-01-18 14:56:42	465	2	16	29	30	187	189	1	0	2	0	0	0	0	0	1	2	2	0	0	2	0	2	
62	0980414455	0979829802.sql	0980414455.sql	2001-01-25 09:20:55	472	2	16	30	31	189	192	1	0	3	0	0	0	0	0	1	3	3	0	0	3	0	3	
63	0980414884	0980414455.sql	0980414884.sql	2001-01-25 09:28:04	472	2	16	31	31	192	194	0	0	0	0	2	0	1	0	0	2	2	0	1	2	1	3	
64	0980547379	0980414884.sql	0980547379.sql	2001-01-26 22:16:19	474	2	16	31	32	194	209	1	0	14	0	1	0	0	0	1	15	15	0	0	15	0	15	
65	0981307011	0980547379.sql	0981307011.sql	2001-02-04 17:16:51	482	2	16	32	33	209	214	1	0	5	0	0	0	0	0	1	5	5	0	0	5	0	5	
66	0982060366	0981307011.sql	0982060366.sql	2001-02-13 10:32:46	491	2	17	33	33	214	218	0	0	0	0	4	0	0	0	0	4	4	0	0	4	0	4	
67	0982091246	0982060366.sql	0982091246.sql	2001-02-13 19:07:26	492	2	17	33	33	218	215	1	1	2	5	0	0	0	0	0	-3	2	5	0	2	5	7	
68	0982141804	0982091246.sql	0982141804.sql	2001-02-14 09:10:04	492	2	17	33	34	215	220	1	0	5	0	0	0	0	0	1	5	5	0	0	5	0	5	
69	0983911028	0982141804.sql	0983911028.sql	2001-03-06 20:37:08	513	2	17	34	35	220	228	1	0	8	0	0	0	0	0	1	8	8	0	0	8	0	8	
70	0984064962	0983911028.sql	0984064962.sql	2001-03-08 15:22:42	514	2	17	35	35	228	228	0	0	0	0	0	0	0	0	0	0	0	0	0	0	0	0	
71	0986134539	0984064962.sql	0986134539.sql	2001-04-01 14:15:39	538	2	18	35	36	228	232	1	0	4	0	0	0	0	0	1	4	4	0	0	4	0	4	
72	0986134618	0986134539.sql	0986134618.sql	2001-04-01 14:16:58	538	2	18	36	35	232	228	0	1	0	4	0	0	0	0	-1	-4	0	4	0	0	4	4	
73	0986393762	0986134618.sql	0986393762.sql	2001-04-04 14:16:02	541	2	18	35	39	228	242	4	0	14	0	0	0	0	0	4	14	14	0	0	14	0	14	
74	0987000586	0986393762.sql	0987000586.sql	2001-04-11 14:49:46	548	2	19	39	39	242	243	0	0	0	0	1	0	0	0	0	1	1	0	0	1	0	1	
75	0987779676	0987000586.sql	0987779676.sql	2001-04-20 15:14:36	557	2	19	39	39	243	244	0	0	0	0	1	0	0	0	0	1	1	0	0	1	0	1	
76	0988031702	0987779676.sql	0988031702.sql	2001-04-23 13:15:02	560	2	19	39	40	244	247	1	0	3	0	0	0	0	0	1	3	3	0	0	3	0	3	
77	0988034840	0988031702.sql	0988034840.sql	2001-04-23 14:07:20	560	2	19	40	41	247	252	1	0	5	0	0	0	0	0	1	5	5	0	0	5	0	5	
78	0988107133	0988034840.sql	0988107133.sql	2001-04-24 10:12:13	561	2	19	41	41	252	252	0	0	0	0	0	0	0	0	0	0	0	0	0	0	0	0	
79	0988108526	0988107133.sql	0988108526.sql	2001-04-24 10:35:26	561	2	19	41	41	252	252	0	0	0	0	0	0	0	1	0	0	0	0	1	0	1	1	
80	0988113459	0988108526.sql	0988113459.sql	2001-04-24 11:57:39	561	2	19	41	41	252	252	0	0	0	0	0	0	0	0	0	0	0	0	0	0	0	0	
81	0988194645	0988113459.sql	0988194645.sql	2001-04-25 10:30:45	562	2	19	41	41	252	252	0	0	0	0	0	0	0	0	0	0	0	0	0	0	0	0	
82	0988291057	0988194645.sql	0988291057.sql	2001-04-26 13:17:37	563	2	19	41	41	252	252	0	0	0	0	0	0	0	0	0	0	0	0	0	0	0	0	
83	0988647672	0988291057.sql	0988647672.sql	2001-04-30 16:21:12	567	2	19	41	41	252	256	0	0	0	0	4	0	0	0	0	4	4	0	0	4	0	4	
84	0990795743	0988647672.sql	0990795743.sql	2001-05-25 13:02:23	592	2	20	41	29	256	190	0	12	0	66	0	0	4	1	-12	-66	0	66	5	0	71	71	
85	0991822980	0990795743.sql	0991822980.sql	2001-06-06 10:23:00	604	2	20	29	29	190	190	0	0	0	0	0	0	1	0	0	0	0	0	1	0	1	1	
86	0991908696	0991822980.sql	0991908696.sql	2001-06-07 10:11:36	605	2	20	29	31	190	200	2	0	10	0	0	0	0	0	2	10	10	0	0	10	0	10	
87	0991993890	0991908696.sql	0991993890.sql	2001-06-08 09:51:30	606	2	20	31	31	200	199	0	0	0	0	0	1	0	0	0	-1	0	1	0	0	1	1	
88	0992004959	0991993890.sql	0992004959.sql	2001-06-08 12:55:59	606	2	20	31	30	199	191	0	1	0	8	0	0	0	0	-1	-8	0	8	0	0	8	8	
89	0992183668	0992004959.sql	0992183668.sql	2001-06-10 14:34:28	608	2	20	30	30	191	191	0	0	0	0	0	0	0	1	0	0	0	0	1	0	1	1	
90	0992364239	0992183668.sql	0992364239.sql	2001-06-12 16:43:59	610	2	21	30	30	191	191	0	0	0	0	0	0	0	1	0	0	0	0	1	0	1	1	
91	0992436446	0992364239.sql	0992436446.sql	2001-06-13 12:47:26	611	2	21	30	30	191	191	0	0	0	0	0	0	0	0	0	0	0	0	0	0	0	0	
92	0992965256	0992436446.sql	0992965256.sql	2001-06-19 15:40:56	617	2	21	30	31	191	195	1	0	3	0	1	0	0	3	1	4	4	0	3	4	3	7	
93	0992978766	0992965256.sql	0992978766.sql	2001-06-19 19:26:06	618	2	21	31	31	195	195	0	0	0	0	0	0	0	0	0	0	0	0	0	0	0	0	
94	0993134484	0992978766.sql	0993134484.sql	2001-06-21 14:41:24	619	2	21	31	31	195	195	0	0	0	0	0	0	0	0	0	0	0	0	0	0	0	0	
95	0993563808	0993134484.sql	0993563808.sql	2001-06-26 13:56:48	624	2	21	31	31	195	195	0	0	0	0	0	0	0	0	0	0	0	0	0	0	0	0	
96	0994943405	0993563808.sql	0994943405.sql	2001-07-12 13:10:05	640	2	22	31	31	195	195	0	0	0	0	0	0	0	0	0	0	0	0	0	0	0	0	
97	0995461582	0994943405.sql	0995461582.sql	2001-07-18 13:06:22	646	2	22	31	31	195	195	0	0	0	0	0	0	0	0	0	0	0	0	0	0	0	0	
98	0995466236	0995461582.sql	0995466236.sql	2001-07-18 14:23:56	646	2	22	31	31	195	195	0	0	0	0	0	0	2	0	0	0	0	0	2	0	2	2	
99	0996178031	0995466236.sql	0996178031.sql	2001-07-26 20:07:11	655	2	22	31	34	195	201	4	1	16	2	15	23	4	0	3	6	31	25	4	31	29	60	
100	0997976256	0996178031.sql	0997976256.sql	2001-08-16 15:37:36	675	2	23	34	34	201	201	0	0	0	0	0	0	1	0	0	0	0	0	1	0	1	1	
101	0998388402	0997976256.sql	0998388402.sql	2001-08-21 10:06:42	680	2	23	34	34	201	201	0	0	0	0	0	0	1	0	0	0	0	0	1	0	1	1	
102	0999782351	0998388402.sql	0999782351.sql	2001-09-06 13:19:11	696	2	23	34	34	201	201	0	0	0	0	0	0	0	0	0	0	0	0	0	0	0	0	
103	1000125543	0999782351.sql	1000125543.sql	2001-09-10 12:39:03	700	2	23	34	34	201	201	0	0	0	0	0	0	0	0	0	0	0	0	0	0	0	0	
104	1002284295	1000125543.sql	1002284295.sql	2001-10-05 12:18:15	725	2	24	34	34	201	201	0	0	0	0	0	0	0	0	0	0	0	0	0	0	0	0	
105	1002642263	1002284295.sql	1002642263.sql	2001-10-09 15:44:23	729	2	24	34	34	201	201	0	0	0	0	0	0	2	0	0	0	0	0	2	0	2	2	
106	1002718112	1002642263.sql	1002718112.sql	2001-10-10 12:48:32	730	2	24	34	34	201	202	0	0	0	0	1	0	0	0	0	1	1	0	0	1	0	1	
107	1002812389	1002718112.sql	1002812389.sql	2001-10-11 14:59:49	731	3	25	34	34	202	201	1	1	6	7	0	0	0	0	0	-1	6	7	0	6	7	13	
108	1002812796	1002812389.sql	1002812796.sql	2001-10-11 15:06:36	731	3	25	34	34	201	201	0	0	0	0	0	0	0	0	0	0	0	0	0	0	0	0	
109	1002813906	1002812796.sql	1002813906.sql	2001-10-11 15:25:06	731	3	25	34	34	201	201	1	1	6	6	0	0	0	0	0	0	6	6	0	6	6	12	
110	1005152318	1002813906.sql	1005152318.sql	2001-11-07 16:58:38	758	3	25	34	34	201	201	0	0	0	0	0	0	0	0	0	0	0	0	0	0	0	0	
111	1005219709	1005152318.sql	1005219709.sql	2001-11-08 11:41:49	759	3	25	34	34	201	201	0	0	0	0	0	0	4	0	0	0	0	0	4	0	4	4	
112	1005223831	1005219709.sql	1005223831.sql	2001-11-08 12:50:31	759	3	25	34	34	201	201	0	0	0	0	0	0	0	0	0	0	0	0	0	0	0	0	
113	1005307928	1005223831.sql	1005307928.sql	2001-11-09 12:12:08	760	3	25	34	34	201	201	0	0	0	0	1	1	10	0	0	0	1	1	10	1	11	12	
114	1005308195	1005307928.sql	1005308195.sql	2001-11-09 12:16:35	760	3	25	34	34	201	201	0	0	0	0	0	0	0	0	0	0	0	0	0	0	0	0	
115	1010853154	1005308195.sql	1010853154.sql	2002-01-12 16:32:34	824	3	28	34	35	201	220	12	11	79	66	50	44	10	0	1	19	129	110	10	129	120	249	
116	1011026240	1010853154.sql	1011026240.sql	2002-01-14 16:37:20	826	3	28	35	35	220	220	0	0	0	0	0	0	0	0	0	0	0	0	0	0	0	0	
117	1011174692	1011026240.sql	1011174692.sql	2002-01-16 09:51:32	828	3	28	35	35	220	219	0	0	0	0	0	1	0	0	0	-1	0	1	0	0	1	1	
118	1011177488	1011174692.sql	1011177488.sql	2002-01-16 10:38:08	828	3	28	35	35	219	219	0	0	0	0	0	0	1	0	0	0	0	0	1	0	1	1	
119	1011179921	1011177488.sql	1011179921.sql	2002-01-16 11:18:41	828	3	28	35	35	219	219	0	0	0	0	0	0	0	0	0	0	0	0	0	0	0	0	
120	1012754820	1011179921.sql	1012754820.sql	2002-02-03 16:47:00	846	3	28	35	35	219	220	0	0	0	0	1	0	0	0	0	1	1	0	0	1	0	1	
121	1012755053	1012754820.sql	1012755053.sql	2002-02-03 16:50:53	846	3	28	35	35	220	220	0	0	0	0	0	0	1	0	0	0	0	0	1	0	1	1	
122	1013102348	1012755053.sql	1013102348.sql	2002-02-07 17:19:08	850	3	28	35	35	220	220	0	0	0	0	0	0	1	0	0	0	0	0	1	0	1	1	
123	1014893812	1013102348.sql	1014893812.sql	2002-02-28 10:56:52	871	3	29	35	35	220	221	0	0	0	0	1	0	0	0	0	1	1	0	0	1	0	1	
124	1015338408	1014893812.sql	1015338408.sql	2002-03-05 14:26:48	876	3	29	35	35	221	221	0	0	0	0	0	0	0	0	0	0	0	0	0	0	0	0	
125	1015855193	1015338408.sql	1015855193.sql	2002-03-11 13:59:53	882	3	30	35	36	221	232	1	0	11	0	0	0	0	0	1	11	11	0	0	11	0	11	
126	1018540737	1015855193.sql	1018540737.sql	2002-04-11 15:58:57	913	3	31	36	36	232	232	0	0	0	0	0	0	0	0	0	0	0	0	0	0	0	0	
127	1019833400	1018540737.sql	1019833400.sql	2002-04-26 15:03:20	928	3	31	36	36	232	232	0	0	0	0	0	0	0	0	0	0	0	0	0	0	0	0	
128	1025197235	1019833400.sql	1025197235.sql	2002-06-27 17:00:35	990	3	33	36	43	232	265	7	0	33	0	0	0	0	0	7	33	33	0	0	33	0	33	
129	1026223237	1025197235.sql	1026223237.sql	2002-07-09 14:00:37	1002	3	33	43	43	265	264	0	0	0	0	0	1	0	0	0	-1	0	1	0	0	1	1	
130	1027084963	1026223237.sql	1027084963.sql	2002-07-19 13:22:43	1012	3	34	43	43	264	264	0	0	0	0	0	0	1	0	0	0	0	0	1	0	1	1	
131	1027096066	1027084963.sql	1027096066.sql	2002-07-19 16:27:46	1012	3	34	43	43	264	264	0	0	0	0	0	0	0	0	0	0	0	0	0	0	0	0	
132	1028286044	1027096066.sql	1028286044.sql	2002-08-02 11:00:44	1026	3	34	43	43	264	262	0	0	0	0	0	2	0	0	0	-2	0	2	0	0	2	2	
133	1028293276	1028286044.sql	1028293276.sql	2002-08-02 13:01:16	1026	3	34	43	43	262	262	0	0	0	0	1	1	0	0	0	0	1	1	0	1	1	2	
134	1029332085	1028293276.sql	1029332085.sql	2002-08-14 13:34:45	1038	3	35	43	42	262	247	0	1	0	3	4	16	0	0	-1	-15	4	19	0	4	19	23	
135	1029493266	1029332085.sql	1029493266.sql	2002-08-16 10:21:06	1040	3	35	42	42	247	246	0	0	0	0	1	2	0	0	0	-1	1	2	0	1	2	3	
136	1031568833	1029493266.sql	1031568833.sql	2002-09-09 10:53:53	1064	3	35	42	42	246	246	0	0	0	0	0	0	0	0	0	0	0	0	0	0	0	0	
137	1031588129	1031568833.sql	1031588129.sql	2002-09-09 16:15:29	1064	3	35	42	42	246	246	0	0	0	0	1	1	0	0	0	0	1	1	0	1	1	2	
138	1031589516	1031588129.sql	1031589516.sql	2002-09-09 16:38:36	1064	3	35	42	42	246	246	0	0	0	0	1	1	0	0	0	0	1	1	0	1	1	2	
139	1031849012	1031589516.sql	1031849012.sql	2002-09-12 16:43:32	1067	3	36	42	40	246	232	0	2	0	13	0	1	0	0	-2	-14	0	14	0	0	14	14	
140	1034248135	1031849012.sql	1034248135.sql	2002-10-10 11:08:55	1095	3	36	40	39	232	223	0	1	0	9	0	0	0	0	-1	-9	0	9	0	0	9	9	
141	1034685946	1034248135.sql	1034685946.sql	2002-10-15 12:45:46	1100	4	37	39	39	223	223	0	0	0	0	0	0	0	0	0	0	0	0	0	0	0	0	
142	1035554394	1034685946.sql	1035554394.sql	2002-10-25 13:59:54	1110	4	37	39	39	223	223	0	0	0	0	0	0	1	0	0	0	0	0	1	0	1	1	
143	1036168411	1035554394.sql	1036168411.sql	2002-11-01 16:33:31	1117	4	37	39	39	223	223	0	0	0	0	0	0	1	0	0	0	0	0	1	0	1	1	
144	1036168681	1036168411.sql	1036168681.sql	2002-11-01 16:38:01	1117	4	37	39	39	223	223	0	0	0	0	0	0	2	0	0	0	0	0	2	0	2	2	
145	1036663999	1036168681.sql	1036663999.sql	2002-11-07 10:13:19	1123	4	37	39	39	223	223	0	0	0	0	0	0	2	0	0	0	0	0	2	0	2	2	
146	1036681688	1036663999.sql	1036681688.sql	2002-11-07 15:08:08	1123	4	37	39	39	223	223	0	0	0	0	0	0	0	0	0	0	0	0	0	0	0	0	
147	1037195271	1036681688.sql	1037195271.sql	2002-11-13 13:47:51	1129	4	38	39	39	223	225	0	0	0	0	2	0	0	0	0	2	2	0	0	2	0	2	
148	1038242520	1037195271.sql	1038242520.sql	2002-11-25 16:42:00	1141	4	38	39	39	225	225	0	0	0	0	0	0	1	0	0	0	0	0	1	0	1	1	
149	1039618190	1038242520.sql	1039618190.sql	2002-12-11 14:49:50	1157	4	39	39	39	225	227	0	0	0	0	2	0	0	0	0	2	2	0	0	2	0	2	
150	1040223289	1039618190.sql	1040223289.sql	2002-12-18 14:54:49	1164	4	39	39	39	227	226	0	0	0	0	2	3	0	0	0	-1	2	3	0	2	3	5	
151	1040639998	1040223289.sql	1040639998.sql	2002-12-23 10:39:58	1169	4	39	39	39	226	226	0	0	0	0	0	0	0	0	0	0	0	0	0	0	0	0	
152	1042205702	1040639998.sql	1042205702.sql	2003-01-10 13:35:02	1187	4	39	39	39	226	226	0	0	0	0	0	0	1	0	0	0	0	0	1	0	1	1	
153	1042548059	1042205702.sql	1042548059.sql	2003-01-14 12:40:59	1191	4	40	39	39	226	226	0	0	0	0	0	0	1	0	0	0	0	0	1	0	1	1	
154	1042629663	1042548059.sql	1042629663.sql	2003-01-15 11:21:03	1192	4	40	39	39	226	226	0	0	0	0	0	0	1	0	0	0	0	0	1	0	1	1	
155	1042631031	1042629663.sql	1042631031.sql	2003-01-15 11:43:51	1192	4	40	39	39	226	226	0	0	0	0	0	0	1	0	0	0	0	0	1	0	1	1	
156	1043064164	1042631031.sql	1043064164.sql	2003-01-20 12:02:44	1197	4	40	39	39	226	225	0	0	0	0	1	2	1	1	0	-1	1	2	2	1	4	5	
157	1043065932	1043064164.sql	1043065932.sql	2003-01-20 12:32:12	1197	4	40	39	39	225	226	0	0	0	0	2	1	1	1	0	1	2	1	2	2	3	5	
158	1043073227	1043065932.sql	1043073227.sql	2003-01-20 14:33:47	1197	4	40	39	39	226	226	0	0	0	0	0	0	1	0	0	0	0	0	1	0	1	1	
159	1043841383	1043073227.sql	1043841383.sql	2003-01-29 11:56:23	1206	4	40	39	44	226	253	5	0	27	0	0	0	0	0	5	27	27	0	0	27	0	27	
160	1044359313	1043841383.sql	1044359313.sql	2003-02-04 11:48:33	1212	4	40	44	44	253	254	0	0	0	0	1	0	0	0	0	1	1	0	0	1	0	1	
161	1044391884	1044359313.sql	1044391884.sql	2003-02-04 20:51:24	1213	4	40	44	44	254	254	0	0	0	0	0	0	0	0	0	0	0	0	0	0	0	0	
162	1044464812	1044391884.sql	1044464812.sql	2003-02-05 17:06:52	1213	4	40	44	44	254	253	0	0	0	0	0	1	0	0	0	-1	0	1	0	0	1	1	
163	1045139073	1044464812.sql	1045139073.sql	2003-02-13 12:24:33	1221	4	41	44	44	253	253	0	0	0	0	0	0	1	0	0	0	0	0	1	0	1	1	
164	1045170209	1045139073.sql	1045170209.sql	2003-02-13 21:03:29	1222	4	41	44	44	253	250	0	0	0	0	0	3	0	0	0	-3	0	3	0	0	3	3	
165	1045222365	1045170209.sql	1045222365.sql	2003-02-14 11:32:45	1222	4	41	44	44	250	250	0	0	0	0	0	0	1	0	0	0	0	0	1	0	1	1	
166	1045260370	1045222365.sql	1045260370.sql	2003-02-14 22:06:10	1223	4	41	44	44	250	250	0	0	0	0	0	0	0	0	0	0	0	0	0	0	0	0	
167	1045579074	1045260370.sql	1045579074.sql	2003-02-18 14:37:54	1226	4	41	44	44	250	250	0	0	0	0	0	0	1	0	0	0	0	0	1	0	1	1	
168	1045579190	1045579074.sql	1045579190.sql	2003-02-18 14:39:50	1226	4	41	44	44	250	250	0	0	0	0	0	0	1	0	0	0	0	0	1	0	1	1	
169	1045743737	1045579190.sql	1045743737.sql	2003-02-20 12:22:17	1228	4	41	44	44	250	250	0	0	0	0	0	0	1	0	0	0	0	0	1	0	1	1	
170	1047635160	1045743737.sql	1047635160.sql	2003-03-14 09:46:00	1250	4	42	44	44	250	250	0	0	0	0	0	0	1	0	0	0	0	0	1	0	1	1	
171	1047640617	1047635160.sql	1047640617.sql	2003-03-14 11:16:57	1250	4	42	44	46	250	263	2	0	13	0	0	0	0	0	2	13	13	0	0	13	0	13	
172	1048090859	1047640617.sql	1048090859.sql	2003-03-19 16:20:59	1255	4	42	46	46	263	263	0	0	0	0	0	0	1	0	0	0	0	0	1	0	1	1	
173	1049889618	1048090859.sql	1049889618.sql	2003-04-09 12:00:18	1276	4	42	46	47	263	265	1	0	4	0	0	2	1	0	1	2	4	2	1	4	3	7	
174	1050058621	1049889618.sql	1050058621.sql	2003-04-11 10:57:01	1278	4	43	47	47	265	265	0	0	0	0	0	0	0	0	0	0	0	0	0	0	0	0	
175	1051018517	1050058621.sql	1051018517.sql	2003-04-22 13:35:17	1289	4	43	47	47	265	265	0	0	0	0	0	0	1	0	0	0	0	0	1	0	1	1	
176	1051694147	1051018517.sql	1051694147.sql	2003-04-30 09:15:47	1297	4	43	47	47	265	265	0	0	0	0	0	0	0	0	0	0	0	0	0	0	0	0	
177	1051719873	1051694147.sql	1051719873.sql	2003-04-30 16:24:33	1297	4	43	47	49	265	273	2	0	8	0	0	0	0	0	2	8	8	0	0	8	0	8	
178	1053509137	1051719873.sql	1053509137.sql	2003-05-21 09:25:37	1318	4	44	49	51	273	284	2	0	10	0	2	1	1	0	2	11	12	1	1	12	2	14	
179	1053597227	1053509137.sql	1053597227.sql	2003-05-22 09:53:47	1319	4	44	51	51	284	284	0	0	0	0	0	0	1	0	0	0	0	0	1	0	1	1	
180	1054305572	1053597227.sql	1054305572.sql	2003-05-30 14:39:32	1327	4	44	51	51	284	284	0	0	0	0	0	0	0	0	0	0	0	0	0	0	0	0	
181	1055237042	1054305572.sql	1055237042.sql	2003-06-10 09:24:02	1338	4	44	51	52	284	286	1	0	2	0	0	0	0	0	1	2	2	0	0	2	0	2	
182	1057839350	1055237042.sql	1057839350.sql	2003-07-10 12:15:50	1368	4	45	52	52	286	286	0	0	0	0	0	0	1	0	0	0	0	0	1	0	1	1	
183	1058189377	1057839350.sql	1058189377.sql	2003-07-14 13:29:37	1372	4	46	52	53	286	290	1	0	4	0	0	0	0	0	1	4	4	0	0	4	0	4	
184	1058259201	1058189377.sql	1058259201.sql	2003-07-15 08:53:21	1373	4	46	53	53	290	291	0	0	0	0	1	0	0	0	0	1	1	0	0	1	0	1	
185	1058356121	1058259201.sql	1058356121.sql	2003-07-16 11:48:41	1374	4	46	53	53	291	291	0	0	0	0	0	0	1	0	0	0	0	0	1	0	1	1	
186	1058366091	1058356121.sql	1058366091.sql	2003-07-16 14:34:51	1374	4	46	53	53	291	291	0	0	0	0	0	0	1	1	0	0	0	0	2	0	2	2	
187	1058453491	1058366091.sql	1058453491.sql	2003-07-17 14:51:31	1375	4	46	53	53	291	291	0	0	0	0	0	0	1	0	0	0	0	0	1	0	1	1	
188	1061909141	1058453491.sql	1061909141.sql	2003-08-26 14:45:41	1415	4	47	53	53	291	299	0	0	0	0	8	0	0	0	0	8	8	0	0	8	0	8	
189	1062408261	1061909141.sql	1062408261.sql	2003-09-01 09:24:21	1421	4	47	53	53	299	299	0	0	0	0	0	0	0	0	0	0	0	0	0	0	0	0	
190	1065192491	1062408261.sql	1065192491.sql	2003-10-03 14:48:11	1453	4	48	53	53	299	299	0	0	0	0	2	2	0	0	0	0	2	2	0	2	2	4	
191	1073656202	1065192491.sql	1073656202.sql	2004-01-09 13:50:02	1551	5	51	53	58	299	310	14	9	63	42	58	68	10	1	5	11	121	110	11	121	121	242	
192	1076343079	1073656202.sql	1076343079.sql	2004-02-09 16:11:19	1582	5	52	58	57	310	305	0	1	0	5	0	0	0	0	-1	-5	0	5	0	0	5	5	
193	1076581056	1076343079.sql	1076581056.sql	2004-02-12 10:17:36	1585	5	53	57	57	305	306	0	0	0	0	1	0	1	0	0	1	1	0	1	1	1	2	
194	1077706685	1076581056.sql	1077706685.sql	2004-02-25 10:58:05	1598	5	53	57	57	306	306	0	0	0	0	0	0	0	0	0	0	0	0	0	0	0	0	
195	1078165534	1077706685.sql	1078165534.sql	2004-03-01 18:25:34	1604	5	53	57	57	306	306	0	0	0	0	0	0	0	0	0	0	0	0	0	0	0	0	
196	1079013554	1078165534.sql	1079013554.sql	2004-03-11 13:59:14	1613	5	54	57	57	306	306	0	0	0	0	0	0	0	0	0	0	0	0	0	0	0	0	
197	1079013970	1079013554.sql	1079013970.sql	2004-03-11 14:06:10	1613	5	54	57	57	306	306	0	0	0	0	0	0	0	0	0	0	0	0	0	0	0	0	
198	1079367620	1079013970.sql	1079367620.sql	2004-03-15 16:20:20	1617	5	54	57	57	306	306	0	0	0	0	0	0	0	0	0	0	0	0	0	0	0	0	
199	1079373706	1079367620.sql	1079373706.sql	2004-03-15 18:01:46	1617	5	54	57	57	306	307	0	0	0	0	1	0	1	0	0	1	1	0	1	1	1	2	
200	1079523840	1079373706.sql	1079523840.sql	2004-03-17 11:44:00	1619	5	54	57	57	307	307	0	0	0	0	0	0	0	0	0	0	0	0	0	0	0	0	
201	1080040957	1079523840.sql	1080040957.sql	2004-03-23 11:22:37	1625	5	54	57	57	307	307	0	0	0	0	0	0	0	0	0	0	0	0	0	0	0	0	
202	1081352619	1080040957.sql	1081352619.sql	2004-04-07 15:43:39	1640	5	54	57	57	307	307	0	0	0	0	0	0	0	0	0	0	0	0	0	0	0	0	
203	1082381337	1081352619.sql	1082381337.sql	2004-04-19 13:28:57	1652	5	55	57	57	307	307	0	0	0	0	0	0	0	0	0	0	0	0	0	0	0	0	
204	1083329996	1082381337.sql	1083329996.sql	2004-04-30 12:59:56	1663	5	55	57	57	307	307	0	0	0	0	0	0	1	0	0	0	0	0	1	0	1	1	
205	1084282175	1083329996.sql	1084282175.sql	2004-05-11 13:29:35	1674	5	56	57	59	307	313	2	0	6	0	0	0	0	0	2	6	6	0	0	6	0	6	
206	1087209705	1084282175.sql	1087209705.sql	2004-06-14 10:41:45	1708	5	57	59	59	313	313	0	0	0	0	0	0	0	0	0	0	0	0	0	0	0	0	
207	1088608494	1087209705.sql	1088608494.sql	2004-06-30 15:14:54	1724	5	57	59	59	313	313	0	0	0	0	0	0	0	0	0	0	0	0	0	0	0	0	
208	1091543735	1088608494.sql	1091543735.sql	2004-08-03 14:35:35	1758	5	58	59	59	313	314	0	0	0	0	1	0	0	0	0	1	1	0	0	1	0	1	
209	1092313928	1091543735.sql	1092313928.sql	2004-08-12 12:32:08	1767	5	59	59	59	314	315	0	0	0	0	1	0	0	0	0	1	1	0	0	1	0	1	
210	1092327495	1092313928.sql	1092327495.sql	2004-08-12 16:18:15	1767	5	59	59	59	315	315	0	0	0	0	0	0	0	0	0	0	0	0	0	0	0	0	
211	1092653172	1092327495.sql	1092653172.sql	2004-08-16 10:46:12	1771	5	59	59	59	315	315	0	0	0	0	0	0	0	0	0	0	0	0	0	0	0	0	
212	1095679816	1092653172.sql	1095679816.sql	2004-09-20 11:30:16	1806	5	60	59	59	315	323	0	0	0	0	8	0	0	0	0	8	8	0	0	8	0	8	
213	1096279333	1095679816.sql	1096279333.sql	2004-09-27 10:02:13	1813	5	60	59	59	323	323	0	0	0	0	0	0	0	0	0	0	0	0	0	0	0	0	
214	1097844981	1096279333.sql	1097844981.sql	2004-10-15 12:56:21	1831	6	61	59	62	323	340	3	0	17	0	0	0	0	0	3	17	17	0	0	17	0	17	
215	1098084118	1097844981.sql	1098084118.sql	2004-10-18 07:21:58	1834	6	61	62	62	340	340	0	0	0	0	0	0	1	0	0	0	0	0	1	0	1	1	
216	1098093482	1098084118.sql	1098093482.sql	2004-10-18 09:58:02	1834	6	61	62	62	340	339	0	0	0	0	0	1	0	0	0	-1	0	1	0	0	1	1	
217	1101377579	1098093482.sql	1101377579.sql	2004-11-25 10:12:59	1872	6	62	62	62	339	339	0	0	0	0	0	0	0	0	0	0	0	0	0	0	0	0	
218	1101995557	1101377579.sql	1101995557.sql	2004-12-02 13:52:37	1879	6	62	62	62	339	339	0	0	0	0	0	0	1	0	0	0	0	0	1	0	1	1	
219	1105980912	1101995557.sql	1105980912.sql	2005-01-17 16:55:12	1925	6	64	62	63	339	342	1	0	3	0	0	0	0	0	1	3	3	0	0	3	0	3	
220	1106150221	1105980912.sql	1106150221.sql	2005-01-19 15:57:01	1927	6	64	63	63	342	342	0	0	0	0	0	0	0	0	0	0	0	0	0	0	0	0	
221	1109255856	1106150221.sql	1109255856.sql	2005-02-24 14:37:36	1963	6	65	63	67	342	359	4	0	17	0	0	0	0	0	4	17	17	0	0	17	0	17	
222	1109259698	1109255856.sql	1109259698.sql	2005-02-24 15:41:38	1963	6	65	67	63	359	342	0	4	0	17	0	0	0	0	-4	-17	0	17	0	0	17	17	
223	1111659171	1109259698.sql	1111659171.sql	2005-03-24 10:12:51	1991	6	66	63	67	342	359	4	0	17	0	0	0	0	0	4	17	17	0	0	17	0	17	
224	1112726588	1111659171.sql	1112726588.sql	2005-04-05 18:43:08	2004	6	66	67	68	359	362	1	0	3	0	0	0	0	0	1	3	3	0	0	3	0	3	
225	1113230548	1112726588.sql	1113230548.sql	2005-04-11 14:42:28	2009	6	67	68	67	362	366	0	1	0	2	7	1	0	0	-1	4	7	3	0	7	3	10	
226	1117012050	1113230548.sql	1117012050.sql	2005-05-25 09:07:30	2053	6	68	67	67	366	369	0	0	0	0	3	0	0	0	0	3	3	0	0	3	0	3	
227	1117533509	1117012050.sql	1117533509.sql	2005-05-31 09:58:29	2059	6	68	67	67	369	369	0	0	0	0	0	0	0	0	0	0	0	0	0	0	0	0	
228	1118925907	1117533509.sql	1118925907.sql	2005-06-16 12:45:07	2075	6	69	67	67	369	370	2	2	5	5	3	2	0	0	0	1	8	7	0	8	7	15	
229	1122969687	1118925907.sql	1122969687.sql	2005-08-02 08:01:27	2122	6	70	67	67	370	371	0	0	0	0	1	0	0	0	0	1	1	0	0	1	0	1	
230	1126094007	1122969687.sql	1126094007.sql	2005-09-07 11:53:27	2158	6	71	67	67	371	372	1	1	3	2	0	0	1	0	0	1	3	2	1	3	3	6	
231	1129535284	1126094007.sql	1129535284.sql	2005-10-17 07:48:04	2198	7	73	67	67	372	372	0	0	0	0	0	0	0	0	0	0	0	0	0	0	0	0	
232	1129549161	1129535284.sql	1129549161.sql	2005-10-17 11:39:21	2198	7	73	67	67	372	371	0	0	0	0	2	3	0	1	0	-1	2	3	1	2	4	6	
233	1129645131	1129549161.sql	1129645131.sql	2005-10-18 14:18:51	2199	7	73	67	67	371	372	0	0	0	0	2	1	0	1	0	1	2	1	1	2	2	4	
234	1131111078	1129645131.sql	1131111078.sql	2005-11-04 13:31:18	2216	7	73	67	68	372	381	1	0	9	0	0	0	0	0	1	9	9	0	0	9	0	9	
235	1131374568	1131111078.sql	1131374568.sql	2005-11-07 14:42:48	2219	7	73	68	68	381	381	0	0	0	0	0	0	1	0	0	0	0	0	1	0	1	1	
236	1131380585	1131374568.sql	1131380585.sql	2005-11-07 16:23:05	2219	7	73	68	68	381	381	0	0	0	0	1	1	0	0	0	0	1	1	0	1	1	2	
237	1131990714	1131380585.sql	1131990714.sql	2005-11-14 17:51:54	2226	7	74	68	68	381	382	0	0	0	0	1	0	0	0	0	1	1	0	0	1	0	1	
238	1132065986	1131990714.sql	1132065986.sql	2005-11-15 14:46:26	2227	7	74	68	68	382	382	0	0	0	0	0	0	0	0	0	0	0	0	0	0	0	0	
239	1132232518	1132065986.sql	1132232518.sql	2005-11-17 13:01:58	2229	7	74	68	68	382	382	0	0	0	0	0	0	0	0	0	0	0	0	0	0	0	0	
240	1132327285	1132232518.sql	1132327285.sql	2005-11-18 15:21:25	2230	7	74	68	68	382	382	0	0	0	0	0	0	0	0	0	0	0	0	0	0	0	0	
241	1132738908	1132327285.sql	1132738908.sql	2005-11-23 09:41:48	2235	7	74	68	68	382	382	0	0	0	0	0	0	1	0	0	0	0	0	1	0	1	1	
242	1134559567	1132738908.sql	1134559567.sql	2005-12-14 11:26:07	2256	7	75	68	68	382	382	0	0	0	0	0	0	0	0	0	0	0	0	0	0	0	0	
243	1134986295	1134559567.sql	1134986295.sql	2005-12-19 09:58:15	2261	7	75	68	68	382	382	0	0	0	0	0	0	1	0	0	0	0	0	1	0	1	1	
244	1136286037	1134986295.sql	1136286037.sql	2006-01-03 11:00:37	2276	7	75	68	68	382	382	0	0	0	0	0	0	1	0	0	0	0	0	1	0	1	1	
245	1136982592	1136286037.sql	1136982592.sql	2006-01-11 12:29:52	2284	7	76	68	68	382	383	0	0	0	0	3	2	0	0	0	1	3	2	0	3	2	5	
246	1137414914	1136982592.sql	1137414914.sql	2006-01-16 12:35:14	2289	7	76	68	69	383	386	1	0	3	0	0	0	0	0	1	3	3	0	0	3	0	3	
247	1140094662	1137414914.sql	1140094662.sql	2006-02-16 12:57:42	2320	7	77	69	71	386	399	2	0	13	0	0	0	0	0	2	13	13	0	0	13	0	13	
248	1140094764	1140094662.sql	1140094764.sql	2006-02-16 12:59:24	2320	7	77	71	71	399	399	0	0	0	0	0	0	1	0	0	0	0	0	1	0	1	1	
249	1140536599	1140094764.sql	1140536599.sql	2006-02-21 15:43:19	2325	7	77	71	71	399	399	0	0	0	0	0	0	0	0	0	0	0	0	0	0	0	0	
250	1140711669	1140536599.sql	1140711669.sql	2006-02-23 16:21:09	2327	7	77	71	71	399	401	0	0	0	0	2	0	0	0	0	2	2	0	0	2	0	2	
251	1140714538	1140711669.sql	1140714538.sql	2006-02-23 17:08:58	2327	7	77	71	71	401	401	0	0	0	0	1	1	0	0	0	0	1	1	0	1	1	2	
252	1141660033	1140714538.sql	1141660033.sql	2006-03-06 15:47:13	2338	7	77	71	71	401	404	3	3	19	16	0	0	0	0	0	3	19	16	0	19	16	35	
253	1141816813	1141660033.sql	1141816813.sql	2006-03-08 11:20:13	2340	7	77	71	71	404	404	0	0	0	0	0	0	0	0	0	0	0	0	0	0	0	0	
254	1141919661	1141816813.sql	1141919661.sql	2006-03-09 15:54:21	2341	7	77	71	71	404	408	0	0	0	0	5	1	0	0	0	4	5	1	0	5	1	6	
255	1141983832	1141919661.sql	1141983832.sql	2006-03-10 09:43:52	2342	7	77	71	71	408	408	0	0	0	0	0	0	5	0	0	0	0	0	5	0	5	5	
256	1141991584	1141983832.sql	1141991584.sql	2006-03-10 11:53:04	2342	7	77	71	71	408	408	0	0	0	0	1	1	8	0	0	0	1	1	8	1	9	10	
257	1142953276	1141991584.sql	1142953276.sql	2006-03-21 15:01:16	2353	7	78	71	71	408	409	0	0	0	0	1	0	0	0	0	1	1	0	0	1	0	1	
258	1143227301	1142953276.sql	1143227301.sql	2006-03-24 19:08:21	2357	7	78	71	71	409	409	0	0	0	0	0	0	0	0	0	0	0	0	0	0	0	0	
259	1146667280	1143227301.sql	1146667280.sql	2006-05-03 14:41:20	2396	7	79	71	71	409	409	0	0	0	0	0	0	2	0	0	0	0	0	2	0	2	2	
260	1146746010	1146667280.sql	1146746010.sql	2006-05-04 12:33:30	2397	7	79	71	71	409	409	0	0	0	0	0	0	0	0	0	0	0	0	0	0	0	0	
261	1147107637	1146746010.sql	1147107637.sql	2006-05-08 17:00:37	2401	7	79	71	71	409	412	0	0	0	0	3	0	0	0	0	3	3	0	0	3	0	3	
262	1147866593	1147107637.sql	1147866593.sql	2006-05-17 11:49:53	2410	7	80	71	71	412	412	0	0	0	0	0	0	2	0	0	0	0	0	2	0	2	2	
263	1149258425	1147866593.sql	1149258425.sql	2006-06-02 14:27:05	2426	7	80	71	71	412	412	0	0	0	0	0	0	114	0	0	0	0	0	114	0	114	114	
264	1149693384	1149258425.sql	1149693384.sql	2006-06-07 15:16:24	2431	7	80	71	71	412	413	0	0	0	0	1	0	0	0	0	1	1	0	0	1	0	1	
265	1150902188	1149693384.sql	1150902188.sql	2006-06-21 15:03:08	2445	7	81	71	71	413	413	0	0	0	0	0	0	0	0	0	0	0	0	0	0	0	0	
266	1150972844	1150902188.sql	1150972844.sql	2006-06-22 10:40:44	2446	7	81	71	71	413	413	0	0	0	0	0	0	0	0	0	0	0	0	0	0	0	0	
267	1150973407	1150972844.sql	1150973407.sql	2006-06-22 10:50:07	2446	7	81	71	71	413	413	0	0	0	0	0	0	0	0	0	0	0	0	0	0	0	0	
268	1151484054	1150973407.sql	1151484054.sql	2006-06-28 08:40:54	2452	7	81	71	73	413	431	2	0	18	0	0	0	0	0	2	18	18	0	0	18	0	18	
269	1151487572	1151484054.sql	1151487572.sql	2006-06-28 09:39:32	2452	7	81	73	73	431	431	0	0	0	0	0	0	0	0	0	0	0	0	0	0	0	0	
270	1151491778	1151487572.sql	1151491778.sql	2006-06-28 10:49:38	2452	7	81	73	73	431	431	0	0	0	0	0	0	0	0	0	0	0	0	0	0	0	0	
271	1152266163	1151491778.sql	1152266163.sql	2006-07-07 09:56:03	2461	7	81	73	73	431	431	0	0	0	0	0	0	1	0	0	0	0	0	1	0	1	1	
272	1156853772	1152266163.sql	1156853772.sql	2006-08-29 12:16:12	2514	7	83	73	73	431	433	0	0	0	0	2	0	2	0	0	2	2	0	2	2	2	4	
273	1157015463	1156853772.sql	1157015463.sql	2006-08-31 09:11:03	2516	7	83	73	73	433	433	0	0	0	0	0	0	0	0	0	0	0	0	0	0	0	0	
274	1157356602	1157015463.sql	1157356602.sql	2006-09-04 07:56:42	2520	7	83	73	73	433	433	0	0	0	0	0	0	0	0	0	0	0	0	0	0	0	0	
275	1157464015	1157356602.sql	1157464015.sql	2006-09-05 13:46:55	2521	7	83	73	73	433	433	0	0	0	0	0	0	0	0	0	0	0	0	0	0	0	0	
276	1158056996	1157464015.sql	1158056996.sql	2006-09-12 10:29:56	2528	7	84	73	73	433	433	0	0	0	0	0	0	0	0	0	0	0	0	0	0	0	0	
277	1158070248	1158056996.sql	1158070248.sql	2006-09-12 14:10:48	2528	7	84	73	73	433	433	0	0	0	0	0	0	0	0	0	0	0	0	0	0	0	0	
278	1159793189	1158070248.sql	1159793189.sql	2006-10-02 12:46:29	2548	7	84	73	73	433	433	0	0	0	0	0	0	0	0	0	0	0	0	0	0	0	0	
279	1160664762	1159793189.sql	1160664762.sql	2006-10-12 14:52:42	2558	8	85	73	74	433	435	1	0	3	0	0	1	0	0	1	2	3	1	0	3	1	4	
280	1161590442	1160664762.sql	1161590442.sql	2006-10-23 08:00:42	2569	8	85	74	74	435	436	0	0	0	0	1	0	0	0	0	1	1	0	0	1	0	1	
281	1163160727	1161590442.sql	1163160727.sql	2006-11-10 12:12:07	2587	8	85	74	74	436	436	0	0	0	0	0	0	0	0	0	0	0	0	0	0	0	0	
282	1166452111	1163160727.sql	1166452111.sql	2006-12-18 14:28:31	2625	8	87	74	74	436	437	0	0	0	0	1	0	0	0	0	1	1	0	0	1	0	1	
283	1167918307	1166452111.sql	1167918307.sql	2007-01-04 13:45:07	2642	8	87	74	74	437	437	0	0	0	0	0	0	1	0	0	0	0	0	1	0	1	1	
284	1167918874	1167918307.sql	1167918874.sql	2007-01-04 13:54:34	2642	8	87	74	74	437	437	0	0	0	0	0	0	0	0	0	0	0	0	0	0	0	0	
285	1168252960	1167918874.sql	1168252960.sql	2007-01-08 10:42:40	2646	8	87	74	74	437	437	0	0	0	0	0	0	1	0	0	0	0	0	1	0	1	1	
286	1168360850	1168252960.sql	1168360850.sql	2007-01-09 16:40:50	2647	8	87	74	74	437	437	0	0	0	0	0	0	0	0	0	0	0	0	0	0	0	0	
287	1168529527	1168360850.sql	1168529527.sql	2007-01-11 15:32:07	2649	8	88	74	74	437	437	0	0	0	0	0	0	0	0	0	0	0	0	0	0	0	0	
288	1172482101	1168529527.sql	1172482101.sql	2007-02-26 09:28:21	2695	8	89	74	74	437	437	0	0	0	0	0	0	22	0	0	0	0	0	22	0	22	22	
289	1172482388	1172482101.sql	1172482388.sql	2007-02-26 09:33:08	2695	8	89	74	74	437	437	0	0	0	0	0	0	2	0	0	0	0	0	2	0	2	2	
290	1173280675	1172482388.sql	1173280675.sql	2007-03-07 15:17:55	2704	8	89	74	74	437	438	0	0	0	0	1	0	0	0	0	1	1	0	0	1	0	1	
291	1173947575	1173280675.sql	1173947575.sql	2007-03-15 08:32:55	2712	8	90	74	74	438	438	0	0	0	0	0	0	1	0	0	0	0	0	1	0	1	1	
292	1173948438	1173947575.sql	1173948438.sql	2007-03-15 08:47:18	2712	8	90	74	74	438	438	0	0	0	0	0	0	0	0	0	0	0	0	0	0	0	0	
293	1173950954	1173948438.sql	1173950954.sql	2007-03-15 09:29:14	2712	8	90	74	74	438	438	0	0	0	0	0	0	1	0	0	0	0	0	1	0	1	1	
294	1173951050	1173950954.sql	1173951050.sql	2007-03-15 09:30:50	2712	8	90	74	74	438	438	0	0	0	0	0	0	0	0	0	0	0	0	0	0	0	0	
295	1173951056	1173951050.sql	1173951056.sql	2007-03-15 09:30:56	2712	8	90	74	74	438	438	0	0	0	0	0	0	0	0	0	0	0	0	0	0	0	0	
296	1173951206	1173951056.sql	1173951206.sql	2007-03-15 09:33:26	2712	8	90	74	74	438	438	0	0	0	0	0	0	0	0	0	0	0	0	0	0	0	0	
297	1175515847	1173951206.sql	1175515847.sql	2007-04-02 12:10:47	2730	8	90	74	74	438	438	0	0	0	0	0	0	1	0	0	0	0	0	1	0	1	1	
298	1176967593	1175515847.sql	1176967593.sql	2007-04-19 07:26:33	2747	8	91	74	74	438	438	0	0	0	0	0	0	0	0	0	0	0	0	0	0	0	0	
299	1180605104	1176967593.sql	1180605104.sql	2007-05-31 09:51:44	2789	8	92	74	74	438	439	0	0	0	0	1	0	0	0	0	1	1	0	0	1	0	1	
300	1180955101	1180605104.sql	1180955101.sql	2007-06-04 11:05:01	2793	8	92	74	74	439	438	0	0	0	0	0	1	0	0	0	-1	0	1	0	0	1	1	
301	1183378856	1180955101.sql	1183378856.sql	2007-07-02 12:20:56	2821	8	93	74	74	438	438	0	0	0	0	0	0	0	0	0	0	0	0	0	0	0	0	
302	1183380183	1183378856.sql	1183380183.sql	2007-07-02 12:43:03	2821	8	93	74	74	438	438	0	0	0	0	0	0	0	0	0	0	0	0	0	0	0	0	
303	1183457514	1183380183.sql	1183457514.sql	2007-07-03 10:11:54	2822	8	93	74	74	438	439	0	0	0	0	1	0	0	0	0	1	1	0	0	1	0	1	
304	1183633794	1183457514.sql	1183633794.sql	2007-07-05 11:09:54	2824	8	93	74	74	439	440	0	0	0	0	1	0	0	0	0	1	1	0	0	1	0	1	
305	1183994980	1183633794.sql	1183994980.sql	2007-07-09 15:29:40	2828	8	93	74	74	440	440	0	0	0	0	0	0	0	0	0	0	0	0	0	0	0	0	
306	1184054169	1183994980.sql	1184054169.sql	2007-07-10 07:56:09	2829	8	93	74	74	440	440	0	0	0	0	0	0	0	0	0	0	0	0	0	0	0	0	
307	1184337946	1184054169.sql	1184337946.sql	2007-07-13 14:45:46	2832	8	94	74	74	440	442	0	0	0	0	2	0	0	0	0	2	2	0	0	2	0	2	
308	1184343976	1184337946.sql	1184343976.sql	2007-07-13 16:26:16	2832	8	94	74	74	442	444	0	0	0	0	2	0	0	0	0	2	2	0	0	2	0	2	
309	1184344092	1184343976.sql	1184344092.sql	2007-07-13 16:28:12	2832	8	94	74	74	444	442	0	0	0	0	0	2	0	0	0	-2	0	2	0	0	2	2	
310	1189603162	1184344092.sql	1189603162.sql	2007-09-12 13:19:22	2893	8	96	74	74	442	446	0	0	0	0	4	0	2	0	0	4	4	0	2	4	2	6	
311	1193915361	1189603162.sql	1193915361.sql	2007-11-01 11:09:21	2943	9	97	74	74	446	446	0	0	0	0	0	0	0	0	0	0	0	0	0	0	0	0	
312	1195162562	1193915361.sql	1195162562.sql	2007-11-15 21:36:02	2958	9	98	74	74	446	446	0	0	0	0	0	0	1	0	0	0	0	0	1	0	1	1	
313	1201167647	1195162562.sql	1201167647.sql	2008-01-24 09:40:47	3027	9	100	74	74	446	446	0	0	0	0	0	0	1	0	0	0	0	0	1	0	1	1	
314	1201170461	1201167647.sql	1201170461.sql	2008-01-24 10:27:41	3027	9	100	74	69	446	419	0	5	0	28	1	0	2	0	-5	-27	1	28	2	1	30	31	
315	1201171158	1201170461.sql	1201171158.sql	2008-01-24 10:39:18	3027	9	100	69	69	419	419	0	0	0	0	0	0	1	0	0	0	0	0	1	0	1	1	
316	1201511282	1201171158.sql	1201511282.sql	2008-01-28 09:08:02	3031	9	100	69	69	419	419	0	0	0	0	0	0	0	0	0	0	0	0	0	0	0	0	
317	1210580722	1201511282.sql	1210580722.sql	2008-05-12 08:25:22	3136	9	104	69	69	419	420	0	0	0	0	2	1	0	0	0	1	2	1	0	2	1	3	
318	1211280019	1210580722.sql	1211280019.sql	2008-05-20 10:40:19	3144	9	104	69	69	420	420	0	0	0	0	0	0	0	0	0	0	0	0	0	0	0	0	
319	1213199487	1211280019.sql	1213199487.sql	2008-06-11 15:51:27	3166	9	105	69	69	420	420	0	0	0	0	0	0	0	0	0	0	0	0	0	0	0	0	
320	1215684454	1213199487.sql	1215684454.sql	2008-07-10 10:07:34	3195	9	105	69	69	420	420	0	0	0	0	0	0	0	0	0	0	0	0	0	0	0	0	
321	1215684861	1215684454.sql	1215684861.sql	2008-07-10 10:14:21	3195	9	105	69	71	420	425	2	0	5	0	0	0	0	0	2	5	5	0	0	5	0	5	
322	1216368705	1215684861.sql	1216368705.sql	2008-07-18 08:11:45	3203	9	106	71	71	425	425	0	0	0	0	1	1	0	0	0	0	1	1	0	1	1	2	
323	1216384782	1216368705.sql	1216384782.sql	2008-07-18 12:39:42	3203	9	106	71	71	425	425	0	0	0	0	0	0	0	0	0	0	0	0	0	0	0	0	
324	1216392354	1216384782.sql	1216392354.sql	2008-07-18 14:45:54	3203	9	106	71	71	425	427	0	0	0	0	2	0	0	0	0	2	2	0	0	2	0	2	
325	1216909127	1216392354.sql	1216909127.sql	2008-07-24 14:18:47	3209	9	106	71	71	427	429	0	0	0	0	2	0	0	0	0	2	2	0	0	2	0	2	
326	1217064404	1216909127.sql	1217064404.sql	2008-07-26 09:26:44	3211	9	106	71	71	429	429	0	0	0	0	0	0	0	0	0	0	0	0	0	0	0	0	
327	1217326801	1217064404.sql	1217326801.sql	2008-07-29 10:20:01	3214	9	106	71	71	429	429	0	0	0	0	0	0	0	0	0	0	0	0	0	0	0	0	
328	1217334558	1217326801.sql	1217334558.sql	2008-07-29 12:29:18	3214	9	106	71	71	429	429	0	0	0	0	0	0	0	0	0	0	0	0	0	0	0	0	
329	1217618141	1217334558.sql	1217618141.sql	2008-08-01 19:15:41	3218	9	106	71	71	429	429	0	0	0	0	0	0	1	0	0	0	0	0	1	0	1	1	
330	1217762307	1217618141.sql	1217762307.sql	2008-08-03 11:18:27	3219	9	106	71	71	429	429	0	0	0	0	0	0	0	0	0	0	0	0	0	0	0	0	
331	1225101152	1217762307.sql	1225101152.sql	2008-10-27 09:52:32	3304	10	109	71	71	429	431	0	0	0	0	2	0	4	0	0	2	2	0	4	2	4	6	
332	1225124399	1225101152.sql	1225124399.sql	2008-10-27 16:19:59	3304	10	109	71	71	431	431	0	0	0	0	0	0	0	0	0	0	0	0	0	0	0	0	
333	1225143031	1225124399.sql	1225143031.sql	2008-10-27 21:30:31	3305	10	109	71	71	431	429	0	0	0	0	0	2	4	0	0	-2	0	2	4	0	6	6	
334	1225288803	1225143031.sql	1225288803.sql	2008-10-29 14:00:03	3306	10	109	71	71	429	431	0	0	0	0	2	0	4	0	0	2	2	0	4	2	4	6	
335	1225288936	1225288803.sql	1225288936.sql	2008-10-29 14:02:16	3306	10	109	71	71	431	431	0	0	0	0	0	0	0	0	0	0	0	0	0	0	0	0	
336	1225466502	1225288936.sql	1225466502.sql	2008-10-31 15:21:42	3308	10	109	71	71	431	431	0	0	0	0	0	0	0	0	0	0	0	0	0	0	0	0	
337	1231939228	1225466502.sql	1231939228.sql	2009-01-14 13:20:28	3383	10	112	71	71	431	431	0	0	0	0	6	6	1	0	0	0	6	6	1	6	7	13	
338	1236093016	1231939228.sql	1236093016.sql	2009-03-03 15:10:16	3431	10	113	71	71	431	431	0	0	0	0	1	1	3	0	0	0	1	1	3	1	4	5	
339	1236931796	1236093016.sql	1236931796.sql	2009-03-13 08:09:56	3441	10	114	71	71	431	431	0	0	0	0	0	0	0	0	0	0	0	0	0	0	0	0	
340	1236931846	1236931796.sql	1236931846.sql	2009-03-13 08:10:46	3441	10	114	71	71	431	431	0	0	0	0	0	0	0	0	0	0	0	0	0	0	0	0	
341	1241616909	1236931846.sql	1241616909.sql	2009-05-06 13:35:09	3495	10	115	71	75	431	455	4	0	24	0	0	0	1	0	4	24	24	0	1	24	1	25	
342	1242051112	1241616909.sql	1242051112.sql	2009-05-11 14:11:52	3500	10	116	75	75	455	456	0	0	0	0	1	0	0	0	0	1	1	0	0	1	0	1	
343	1242830668	1242051112.sql	1242830668.sql	2009-05-20 14:44:28	3509	10	116	75	75	456	456	0	0	0	0	0	0	0	0	0	0	0	0	0	0	0	0	
344	1243512591	1242830668.sql	1243512591.sql	2009-05-28 12:09:51	3517	10	116	75	75	456	456	0	0	0	0	0	0	0	0	0	0	0	0	0	0	0	0	
345	1243512638	1243512591.sql	1243512638.sql	2009-05-28 12:10:38	3517	10	116	75	75	456	456	0	0	0	0	0	0	0	0	0	0	0	0	0	0	0	0	
346	1247739839	1243512638.sql	1247739839.sql	2009-07-16 10:23:59	3566	10	118	75	73	456	444	0	2	0	13	1	0	1	1	-2	-12	1	13	2	1	15	16	
347	1247749579	1247739839.sql	1247749579.sql	2009-07-16 13:06:19	3566	10	118	73	75	444	456	2	0	13	0	0	1	1	1	2	12	13	1	2	13	3	16	
348	1248962088	1247749579.sql	1248962088.sql	2009-07-30 13:54:48	3580	10	118	75	75	456	456	0	0	0	0	0	0	0	0	0	0	0	0	0	0	0	0	
349	1248962312	1248962088.sql	1248962312.sql	2009-07-30 13:58:32	3580	10	118	75	75	456	456	0	0	0	0	0	0	0	0	0	0	0	0	0	0	0	0	
350	1249292359	1248962312.sql	1249292359.sql	2009-08-03 09:39:19	3584	10	118	75	72	456	437	0	3	0	19	0	0	0	0	-3	-19	0	19	0	0	19	19	
351	1249292574	1249292359.sql	1249292574.sql	2009-08-03 09:42:54	3584	10	118	72	72	437	437	0	0	0	0	0	0	0	0	0	0	0	0	0	0	0	0	
352	1253522652	1249292574.sql	1253522652.sql	2009-09-21 08:44:12	3633	10	120	72	72	437	437	0	0	0	0	0	0	0	0	0	0	0	0	0	0	0	0	
353	1254899306	1253522652.sql	1254899306.sql	2009-10-07 07:08:26	3649	10	120	72	72	437	437	0	0	0	0	0	0	0	0	0	0	0	0	0	0	0	0	
354	1256035664	1254899306.sql	1256035664.sql	2009-10-20 10:47:44	3662	11	121	72	72	437	437	0	0	0	0	0	0	1	0	0	0	0	0	1	0	1	1	
355	1256647052	1256035664.sql	1256647052.sql	2009-10-27 12:37:32	3669	11	121	72	72	437	437	0	0	0	0	0	0	1	0	0	0	0	0	1	0	1	1	
356	1256649805	1256647052.sql	1256649805.sql	2009-10-27 13:23:25	3669	11	121	72	72	437	437	0	0	0	0	0	0	0	0	0	0	0	0	0	0	0	0	
357	1260790711	1256649805.sql	1260790711.sql	2009-12-14 11:38:31	3717	11	123	72	72	437	437	0	0	0	0	0	0	0	0	0	0	0	0	0	0	0	0	
358	1260791895	1260790711.sql	1260791895.sql	2009-12-14 11:58:15	3717	11	123	72	72	437	438	0	0	0	0	1	0	0	0	0	1	1	0	0	1	0	1	
359	1262945428	1260791895.sql	1262945428.sql	2010-01-08 10:10:28	3742	11	123	72	72	438	438	0	0	0	0	0	0	1	0	0	0	0	0	1	0	1	1	
360	1262946454	1262945428.sql	1262946454.sql	2010-01-08 10:27:34	3742	11	123	72	72	438	438	0	0	0	0	0	0	1	0	0	0	0	0	1	0	1	1	
361	1268652439	1262946454.sql	1268652439.sql	2010-03-15 11:27:19	3808	11	126	72	72	438	438	0	0	0	0	0	0	0	0	0	0	0	0	0	0	0	0	
362	1268653480	1268652439.sql	1268653480.sql	2010-03-15 11:44:40	3808	11	126	72	72	438	438	0	0	0	0	0	0	0	0	0	0	0	0	0	0	0	0	
363	1268653640	1268653480.sql	1268653640.sql	2010-03-15 11:47:20	3808	11	126	72	72	438	438	0	0	0	0	0	0	0	0	0	0	0	0	0	0	0	0	
364	1275482069	1268653640.sql	1275482069.sql	2010-06-02 12:34:29	3887	11	128	72	72	438	438	0	0	0	0	0	0	0	0	0	0	0	0	0	0	0	0	
365	1275482194	1275482069.sql	1275482194.sql	2010-06-02 12:36:34	3887	11	128	72	72	438	438	0	0	0	0	0	0	1	0	0	0	0	0	1	0	1	1	
366	1275482606	1275482194.sql	1275482606.sql	2010-06-02 12:43:26	3887	11	128	72	72	438	438	0	0	0	0	0	0	0	0	0	0	0	0	0	0	0	0	
367	1275569140	1275482606.sql	1275569140.sql	2010-06-03 12:45:40	3888	11	128	72	72	438	438	0	0	0	0	1	1	0	0	0	0	1	1	0	1	1	2	
368	1275570275	1275569140.sql	1275570275.sql	2010-06-03 13:04:35	3888	11	128	72	72	438	438	0	0	0	0	0	0	0	0	0	0	0	0	0	0	0	0	
369	1275992493	1275570275.sql	1275992493.sql	2010-06-08 10:21:33	3893	11	128	72	72	438	438	0	0	0	0	0	0	0	0	0	0	0	0	0	0	0	0	
370	1282743799	1275992493.sql	1282743799.sql	2010-08-25 13:43:19	3971	11	131	72	72	438	438	0	0	0	0	0	0	0	0	0	0	0	0	0	0	0	0	
371	1282744410	1282743799.sql	1282744410.sql	2010-08-25 13:53:30	3971	11	131	72	72	438	438	1	1	3	3	0	0	0	0	0	0	3	3	0	3	3	6	
372	1283354953	1282744410.sql	1283354953.sql	2010-09-01 15:29:13	3978	11	131	72	72	438	438	0	0	0	0	0	0	0	0	0	0	0	0	0	0	0	0	
373	1283355056	1283354953.sql	1283355056.sql	2010-09-01 15:30:56	3978	11	131	72	72	438	438	0	0	0	0	0	0	0	0	0	0	0	0	0	0	0	0	
374	1283355642	1283355056.sql	1283355642.sql	2010-09-01 15:40:42	3978	11	131	72	72	438	438	0	0	0	0	0	0	0	0	0	0	0	0	0	0	0	0	
375	1289470169	1283355642.sql	1289470169.sql	2010-11-11 10:09:29	4049	12	134	72	73	438	442	1	0	4	0	0	0	0	0	1	4	4	0	0	4	0	4	
376	1290616003	1289470169.sql	1290616003.sql	2010-11-24 16:26:43	4062	12	134	73	73	442	442	0	0	0	0	0	0	0	1	0	0	0	0	1	0	1	1	
377	1290616076	1290616003.sql	1290616076.sql	2010-11-24 16:27:56	4062	12	134	73	73	442	442	0	0	0	0	0	0	0	0	0	0	0	0	0	0	0	0	
378	1290616176	1290616076.sql	1290616176.sql	2010-11-24 16:29:36	4062	12	134	73	73	442	442	0	0	0	0	0	0	0	0	0	0	0	0	0	0	0	0	
379	1297182856	1290616176.sql	1297182856.sql	2011-02-08 16:34:16	4138	12	136	73	73	442	442	0	0	0	0	0	0	1	0	0	0	0	0	1	0	1	1	
380	1297251372	1297182856.sql	1297251372.sql	2011-02-09 11:36:12	4139	12	136	73	72	442	439	0	1	0	8	5	0	1	0	-1	-3	5	8	1	5	9	14	
381	1297262687	1297251372.sql	1297262687.sql	2011-02-09 14:44:47	4139	12	136	72	72	439	438	0	0	0	0	0	1	0	0	0	-1	0	1	0	0	1	1	
382	1297852436	1297262687.sql	1297852436.sql	2011-02-16 10:33:56	4146	12	137	72	73	438	441	1	0	8	0	0	5	1	0	1	3	8	5	1	8	6	14	
383	1299060276	1297852436.sql	1299060276.sql	2011-03-02 10:04:36	4160	12	137	73	73	441	441	0	0	0	0	0	0	0	0	0	0	0	0	0	0	0	0	
384	1299062249	1299060276.sql	1299062249.sql	2011-03-02 10:37:29	4160	12	137	73	73	441	441	0	0	0	0	0	0	0	0	0	0	0	0	0	0	0	0	
385	1299064116	1299062249.sql	1299064116.sql	2011-03-02 11:08:36	4160	12	137	73	73	441	441	0	0	0	0	0	0	0	0	0	0	0	0	0	0	0	0	
386	1299065540	1299064116.sql	1299065540.sql	2011-03-02 11:32:20	4160	12	137	73	73	441	441	0	0	0	0	0	0	0	0	0	0	0	0	0	0	0	0	
387	1299083142	1299065540.sql	1299083142.sql	2011-03-02 16:25:42	4160	12	137	73	73	441	441	0	0	0	0	0	0	0	0	0	0	0	0	0	0	0	0	
388	1299085928	1299083142.sql	1299085928.sql	2011-03-02 17:12:08	4160	12	137	73	73	441	441	0	0	0	0	0	0	0	0	0	0	0	0	0	0	0	0	
389	1299508104	1299085928.sql	1299508104.sql	2011-03-07 14:28:24	4165	12	137	73	73	441	441	0	0	0	0	0	0	0	0	0	0	0	0	0	0	0	0	
390	1299598240	1299508104.sql	1299598240.sql	2011-03-08 15:30:40	4166	12	137	73	73	441	441	0	0	0	0	0	0	0	0	0	0	0	0	0	0	0	0	
391	1299848628	1299598240.sql	1299848628.sql	2011-03-11 13:03:48	4169	12	138	73	73	441	440	0	0	0	0	0	1	0	0	0	-1	0	1	0	0	1	1	
392	1300131892	1299848628.sql	1300131892.sql	2011-03-14 19:44:52	4173	12	138	73	73	440	441	0	0	0	0	1	0	0	0	0	1	1	0	0	1	0	1	
393	1300963135	1300131892.sql	1300963135.sql	2011-03-24 10:38:55	4182	12	138	73	73	441	441	0	0	0	0	0	0	0	0	0	0	0	0	0	0	0	0	
394	1300963654	1300963135.sql	1300963654.sql	2011-03-24 10:47:34	4182	12	138	73	73	441	441	0	0	0	0	0	0	0	0	0	0	0	0	0	0	0	0	
395	1300974326	1300963654.sql	1300974326.sql	2011-03-24 13:45:26	4182	12	138	73	73	441	441	0	0	0	0	0	0	0	0	0	0	0	0	0	0	0	0	
396	1301662334	1300974326.sql	1301662334.sql	2011-04-01 12:52:14	4190	12	138	73	73	441	441	0	0	0	0	0	0	0	0	0	0	0	0	0	0	0	0	
397	1301662610	1301662334.sql	1301662610.sql	2011-04-01 12:56:50	4190	12	138	73	73	441	441	0	0	0	0	0	0	0	0	0	0	0	0	0	0	0	0	
398	1304425490	1301662610.sql	1304425490.sql	2011-05-03 12:24:50	4222	12	139	73	73	441	441	0	0	0	0	0	0	0	0	0	0	0	0	0	0	0	0	
399	1304681011	1304425490.sql	1304681011.sql	2011-05-06 11:23:31	4225	12	139	73	73	441	441	0	0	0	0	0	0	0	0	0	0	0	0	0	0	0	0	
400	1304681121	1304681011.sql	1304681121.sql	2011-05-06 11:25:21	4225	12	139	73	73	441	440	0	0	0	0	0	1	0	0	0	-1	0	1	0	0	1	1	
401	1304685122	1304681121.sql	1304685122.sql	2011-05-06 12:32:02	4225	12	139	73	73	440	440	0	0	0	0	0	0	0	0	0	0	0	0	0	0	0	0	
402	1305287249	1304685122.sql	1305287249.sql	2011-05-13 11:47:29	4232	12	140	73	73	440	440	0	0	0	0	0	0	0	0	0	0	0	0	0	0	0	0	
403	1306162357	1305287249.sql	1306162357.sql	2011-05-23 14:52:37	4242	12	140	73	73	440	440	0	0	0	0	0	0	0	0	0	0	0	0	0	0	0	0	
404	1309185724	1306162357.sql	1309185724.sql	2011-06-27 14:42:04	4277	12	141	73	73	440	440	0	0	0	0	0	0	0	0	0	0	0	0	0	0	0	0	
405	1310554686	1309185724.sql	1310554686.sql	2011-07-13 10:58:06	4293	12	142	73	78	440	467	5	0	27	0	0	0	1	0	5	27	27	0	1	27	1	28	
406	1311168174	1310554686.sql	1311168174.sql	2011-07-20 13:22:54	4300	12	142	78	78	467	468	0	0	0	0	1	0	0	0	0	1	1	0	0	1	0	1	
407	1312448679	1311168174.sql	1312448679.sql	2011-08-04 09:04:39	4315	12	142	78	78	468	468	0	0	0	0	0	0	0	0	0	0	0	0	0	0	0	0	
408	1312537053	1312448679.sql	1312537053.sql	2011-08-05 09:37:33	4316	12	142	78	78	468	468	0	0	0	0	0	0	0	0	0	0	0	0	0	0	0	0	
409	1312975522	1312537053.sql	1312975522.sql	2011-08-10 11:25:22	4321	12	142	78	78	468	468	0	0	0	0	0	0	0	0	0	0	0	0	0	0	0	0	
410	1313059186	1312975522.sql	1313059186.sql	2011-08-11 10:39:46	4322	12	143	78	78	468	468	0	0	0	0	0	0	1	0	0	0	0	0	1	0	1	1	
411	1313412244	1313059186.sql	1313412244.sql	2011-08-15 12:44:04	4326	12	143	78	78	468	468	0	0	0	0	0	0	0	0	0	0	0	0	0	0	0	0	
412	1314010152	1313412244.sql	1314010152.sql	2011-08-22 10:49:12	4333	12	143	78	78	468	468	0	0	0	0	0	0	0	0	0	0	0	0	0	0	0	0	
413	1314010681	1314010152.sql	1314010681.sql	2011-08-22 10:58:01	4333	12	143	78	78	468	468	0	0	0	0	0	0	0	0	0	0	0	0	0	0	0	0	
414	1314879088	1314010681.sql	1314879088.sql	2011-09-01 12:11:28	4343	12	143	78	78	468	468	0	0	0	0	0	0	0	0	0	0	0	0	0	0	0	0	
415	1317048722	1314879088.sql	1317048722.sql	2011-09-26 14:52:02	4368	12	144	78	78	468	468	0	0	0	0	0	0	0	0	0	0	0	0	0	0	0	0	
416	1317129206	1317048722.sql	1317129206.sql	2011-09-27 13:13:26	4369	12	144	78	78	468	468	0	0	0	0	0	0	1	0	0	0	0	0	1	0	1	1	
417	1317220974	1317129206.sql	1317220974.sql	2011-09-28 14:42:54	4370	12	144	78	72	468	462	0	6	0	30	24	0	0	0	-6	-6	24	30	0	24	30	54	
418	1317377178	1317220974.sql	1317377178.sql	2011-09-30 10:06:18	4372	12	144	72	73	462	470	1	0	8	0	0	0	0	0	1	8	8	0	0	8	0	8	
419	1321632376	1317377178.sql	1321632376.sql	2011-11-18 16:06:16	4421	13	146	73	73	470	470	0	0	0	0	0	0	0	0	0	0	0	0	0	0	0	0	
420	1323363652	1321632376.sql	1323363652.sql	2011-12-08 17:00:52	4441	13	146	73	73	470	470	0	0	0	0	0	0	0	0	0	0	0	0	0	0	0	0	
421	1324303578	1323363652.sql	1324303578.sql	2011-12-19 14:06:18	4452	13	147	73	73	470	470	0	0	0	0	0	0	0	0	0	0	0	0	0	0	0	0	
422	1324303716	1324303578.sql	1324303716.sql	2011-12-19 14:08:36	4452	13	147	73	73	470	470	0	0	0	0	0	0	0	0	0	0	0	0	0	0	0	0	
423	1324395896	1324303716.sql	1324395896.sql	2011-12-20 15:44:56	4453	13	147	73	73	470	470	0	0	0	0	0	0	0	0	0	0	0	0	0	0	0	0	
424	1324553749	1324395896.sql	1324553749.sql	2011-12-22 11:35:49	4455	13	147	73	73	470	470	0	0	0	0	0	0	0	0	0	0	0	0	0	0	0	0	
425	1325585808	1324553749.sql	1325585808.sql	2012-01-03 10:16:48	4467	13	147	73	73	470	470	0	0	0	0	0	0	6	0	0	0	0	0	6	0	6	6	
426	1325848218	1325585808.sql	1325848218.sql	2012-01-06 11:10:18	4470	13	147	73	73	470	470	0	0	0	0	0	0	0	0	0	0	0	0	0	0	0	0	
427	1326149522	1325848218.sql	1326149522.sql	2012-01-09 22:52:02	4474	13	147	73	73	470	470	0	0	0	0	0	0	0	0	0	0	0	0	0	0	0	0	
428	1330430428	1326149522.sql	1330430428.sql	2012-02-28 12:00:28	4523	13	149	73	73	470	470	0	0	0	0	0	0	0	0	0	0	0	0	0	0	0	0	
429	1330679659	1330430428.sql	1330679659.sql	2012-03-02 09:14:19	4526	13	149	73	74	470	476	1	0	6	0	0	0	2	0	1	6	6	0	2	6	2	8	
430	1330686978	1330679659.sql	1330686978.sql	2012-03-02 11:16:18	4526	13	149	74	74	476	476	0	0	0	0	0	0	0	0	0	0	0	0	0	0	0	0	
431	1332949372	1330686978.sql	1332949372.sql	2012-03-28 15:42:52	4552	13	150	74	74	476	476	0	0	0	0	0	0	0	0	0	0	0	0	0	0	0	0	
432	1334240451	1332949372.sql	1334240451.sql	2012-04-12 14:20:51	4567	13	151	74	74	476	476	0	0	0	0	0	0	0	0	0	0	0	0	0	0	0	0	
433	1337696614	1334240451.sql	1337696614.sql	2012-05-22 14:23:34	4607	13	152	74	74	476	476	0	0	0	0	0	0	0	0	0	0	0	0	0	0	0	0	
434	1338548383	1337696614.sql	1338548383.sql	2012-06-01 10:59:43	4617	13	152	74	75	476	483	1	0	4	0	5	2	1	0	1	7	9	2	1	9	3	12	
435	1338977739	1338548383.sql	1338977739.sql	2012-06-06 10:15:39	4622	13	152	75	75	483	483	0	0	0	0	0	0	0	0	0	0	0	0	0	0	0	0	
436	1339077627	1338977739.sql	1339077627.sql	2012-06-07 14:00:27	4623	13	152	75	75	483	483	0	0	0	0	0	0	0	0	0	0	0	0	0	0	0	0	
437	1339154049	1339077627.sql	1339154049.sql	2012-06-08 11:14:09	4624	13	152	75	75	483	484	0	0	0	0	1	0	0	0	0	1	1	0	0	1	0	1	
438	1340642120	1339154049.sql	1340642120.sql	2012-06-25 16:35:20	4641	13	153	75	75	484	484	0	0	0	0	0	0	0	0	0	0	0	0	0	0	0	0	
439	1341480577	1340642120.sql	1341480577.sql	2012-07-05 09:29:37	4651	13	153	75	75	484	484	0	0	0	0	0	0	0	0	0	0	0	0	0	0	0	0	
440	1344506938	1341480577.sql	1344506938.sql	2012-08-09 10:08:58	4686	13	154	75	75	484	484	0	0	0	0	0	0	0	0	0	0	0	0	0	0	0	0	
441	1344507033	1344506938.sql	1344507033.sql	2012-08-09 10:10:33	4686	13	154	75	75	484	484	0	0	0	0	0	0	0	0	0	0	0	0	0	0	0	0	
442	1351169612	1344507033.sql	1351169612.sql	2012-10-25 12:53:32	4763	14	157	75	75	484	484	0	0	0	0	0	0	0	0	0	0	0	0	0	0	0	0	
443	1351510749	1351169612.sql	1351510749.sql	2012-10-29 11:39:09	4767	14	157	75	75	484	485	0	0	0	0	2	1	0	1	0	1	2	1	1	2	2	4	
444	1351515509	1351510749.sql	1351515509.sql	2012-10-29 12:58:29	4767	14	157	75	75	485	485	0	0	0	0	0	0	7	0	0	0	0	0	7	0	7	7	
445	1352108367	1351515509.sql	1352108367.sql	2012-11-05 09:39:27	4774	14	157	75	75	485	485	0	0	0	0	0	0	0	0	0	0	0	0	0	0	0	0	
446	1352114782	1352108367.sql	1352114782.sql	2012-11-05 11:26:22	4774	14	157	75	75	485	486	0	0	0	0	1	0	0	0	0	1	1	0	0	1	0	1	
447	1352127812	1352114782.sql	1352127812.sql	2012-11-05 15:03:32	4774	14	157	75	75	486	486	0	0	0	0	0	0	0	0	0	0	0	0	0	0	0	0	
448	1359737080	1352127812.sql	1359737080.sql	2013-02-01 16:44:40	4862	14	160	75	75	486	486	0	0	0	0	0	0	0	0	0	0	0	0	0	0	0	0	
449	1359980809	1359737080.sql	1359980809.sql	2013-02-04 12:26:49	4865	14	160	75	75	486	486	0	0	0	0	0	0	0	0	0	0	0	0	0	0	0	0	
450	1366039886	1359980809.sql	1366039886.sql	2013-04-15 15:31:26	4935	14	163	75	75	486	486	0	0	0	0	0	0	0	0	0	0	0	0	0	0	0	0	
451	1366040912	1366039886.sql	1366040912.sql	2013-04-15 15:48:32	4935	14	163	75	76	486	491	1	0	5	0	0	0	0	0	1	5	5	0	0	5	0	5	
452	1366041307	1366040912.sql	1366041307.sql	2013-04-15 15:55:07	4935	14	163	76	77	491	493	1	0	2	0	0	0	0	0	1	2	2	0	0	2	0	2	
453	1366272021	1366041307.sql	1366272021.sql	2013-04-18 08:00:21	4938	14	163	77	77	493	495	0	0	0	0	3	1	0	1	0	2	3	1	1	3	2	5	
454	1367482576	1366272021.sql	1367482576.sql	2013-05-02 08:16:16	4952	14	163	77	77	495	495	0	0	0	0	0	0	0	0	0	0	0	0	0	0	0	0	
455	1368088123	1367482576.sql	1368088123.sql	2013-05-09 08:28:43	4959	14	163	77	77	495	495	0	0	0	0	0	0	0	0	0	0	0	0	0	0	0	0	
456	1369927911	1368088123.sql	1369927911.sql	2013-05-30 15:31:51	4980	14	164	77	77	495	495	0	0	0	0	0	0	0	0	0	0	0	0	0	0	0	0	
457	1370531935	1369927911.sql	1370531935.sql	2013-06-06 15:18:55	4987	14	164	77	77	495	495	0	0	0	0	0	0	0	0	0	0	0	0	0	0	0	0	
458	1372321274	1370531935.sql	1372321274.sql	2013-06-27 08:21:14	5008	14	165	77	77	495	495	0	0	0	0	0	0	0	0	0	0	0	0	0	0	0	0	
459	1374683057	1372321274.sql	1374683057.sql	2013-07-24 16:24:17	5035	14	166	77	78	495	496	1	0	1	0	1	1	2	0	1	1	2	1	2	2	3	5	
460	1375115304	1374683057.sql	1375115304.sql	2013-07-29 16:28:24	5040	14	166	78	79	496	498	1	0	2	0	0	0	0	0	1	2	2	0	0	2	0	2	
461	1375176772	1375115304.sql	1375176772.sql	2013-07-30 09:32:52	5041	14	166	79	79	498	498	0	0	0	0	0	0	1	0	0	0	0	0	1	0	1	1	
462	1375458692	1375176772.sql	1375458692.sql	2013-08-02 15:51:32	5044	14	166	79	79	498	498	0	0	0	0	0	0	0	0	0	0	0	0	0	0	0	0	
463	1377614620	1375458692.sql	1377614620.sql	2013-08-27 14:43:40	5069	14	167	79	78	498	495	0	1	0	3	0	0	0	0	-1	-3	0	3	0	0	3	3	
464	1378217799	1377614620.sql	1378217799.sql	2013-09-03 14:16:39	5076	14	167	78	74	495	475	0	4	0	18	0	2	0	0	-4	-20	0	20	0	0	20	20	
465	1378977989	1378217799.sql	1378977989.sql	2013-09-12 09:26:29	5085	14	168	74	74	475	475	0	0	0	0	0	0	0	0	0	0	0	0	0	0	0	0	
466	1382520560	1378977989.sql	1382520560.sql	2013-10-23 09:29:20	5126	15	169	74	74	475	475	0	0	0	0	0	0	0	0	0	0	0	0	0	0	0	0	
467	1385398190	1382520560.sql	1385398190.sql	2013-11-25 16:49:50	5159	15	170	74	74	475	475	0	0	0	0	0	0	0	0	0	0	0	0	0	0	0	0	
468	1385633251	1385398190.sql	1385633251.sql	2013-11-28 10:07:31	5162	15	170	74	74	475	476	0	0	0	0	1	0	0	0	0	1	1	0	0	1	0	1	
469	1386263554	1385633251.sql	1386263554.sql	2013-12-05 17:12:34	5169	15	170	74	75	476	482	1	0	6	0	0	0	0	0	1	6	6	0	0	6	0	6	
470	1386349644	1386263554.sql	1386349644.sql	2013-12-06 17:07:24	5170	15	170	75	75	482	482	0	0	0	0	0	0	0	0	0	0	0	0	0	0	0	0	
471	1386689515	1386349644.sql	1386689515.sql	2013-12-10 15:31:55	5174	15	170	75	75	482	482	0	0	0	0	0	0	0	0	0	0	0	0	0	0	0	0	
472	1386690832	1386689515.sql	1386690832.sql	2013-12-10 15:53:52	5174	15	170	75	75	482	482	0	0	0	0	0	0	0	0	0	0	0	0	0	0	0	0	
473	1389628077	1386690832.sql	1389628077.sql	2014-01-13 15:47:57	5208	15	172	75	75	482	482	0	0	0	0	0	0	1	0	0	0	0	0	1	0	1	1	
474	1390403548	1389628077.sql	1390403548.sql	2014-01-22 15:12:28	5217	15	172	75	75	482	482	0	0	0	0	0	0	0	0	0	0	0	0	0	0	0	0	
475	1390570392	1390403548.sql	1390570392.sql	2014-01-24 13:33:12	5219	15	172	75	75	482	482	0	0	0	0	0	0	0	0	0	0	0	0	0	0	0	0	
476	1394472837	1390570392.sql	1394472837.sql	2014-03-10 17:33:57	5264	15	173	75	75	482	482	0	0	0	0	0	0	0	0	0	0	0	0	0	0	0	0	
477	1397038335	1394472837.sql	1397038335.sql	2014-04-09 10:12:15	5294	15	174	75	72	482	461	0	3	0	21	0	0	0	0	-3	-21	0	21	0	0	21	21	
478	1397638566	1397038335.sql	1397638566.sql	2014-04-16 08:56:06	5301	15	175	72	72	461	461	0	0	0	0	0	0	0	0	0	0	0	0	0	0	0	0	
479	1406900841	1397638566.sql	1406900841.sql	2014-08-01 13:47:21	5408	15	178	72	72	461	461	0	0	0	0	0	0	0	0	0	0	0	0	0	0	0	0	
480	1411379297	1406900841.sql	1411379297.sql	2014-09-22 09:48:17	5460	15	180	72	72	461	461	0	0	0	0	0	0	0	0	0	0	0	0	0	0	0	0	
481	1412936668	1411379297.sql	1412936668.sql	2014-10-10 10:24:28	5478	15	180	72	72	461	461	0	0	0	0	0	0	2	0	0	0	0	0	2	0	2	2	
482	1413282780	1412936668.sql	1413282780.sql	2014-10-14 10:33:00	5482	16	181	72	72	461	461	0	0	0	0	0	0	0	0	0	0	0	0	0	0	0	0	
483	1414515084	1413282780.sql	1414515084.sql	2014-10-28 16:51:24	5496	16	181	72	72	461	461	0	0	0	0	0	0	2	0	0	0	0	0	2	0	2	2	
484	1417785339	1414515084.sql	1417785339.sql	2014-12-05 13:15:39	5534	16	182	72	72	461	461	0	0	0	0	0	0	0	0	0	0	0	0	0	0	0	0	
485	1420798468	1417785339.sql	1420798468.sql	2015-01-09 10:14:28	5569	16	183	72	72	461	461	0	0	0	0	0	0	0	0	0	0	0	0	0	0	0	0	
486	1423656438	1420798468.sql	1423656438.sql	2015-02-11 12:07:18	5602	16	185	72	72	461	461	0	0	0	0	0	0	1	0	0	0	0	0	1	0	1	1	
487	1423665267	1423656438.sql	1423665267.sql	2015-02-11 14:34:27	5602	16	185	72	72	461	461	0	0	0	0	0	0	0	0	0	0	0	0	0	0	0	0	
488	1424163786	1423665267.sql	1424163786.sql	2015-02-17 09:03:06	5608	16	185	72	72	461	461	0	0	0	0	0	0	0	0	0	0	0	0	0	0	0	0	
489	1426517467	1424163786.sql	1426517467.sql	2015-03-16 14:51:07	5635	16	186	72	72	461	461	0	0	0	0	0	0	0	0	0	0	0	0	0	0	0	0	
490	1427108044	1426517467.sql	1427108044.sql	2015-03-23 10:54:04	5642	16	186	72	72	461	461	0	0	0	0	0	0	2	0	0	0	0	0	2	0	2	2	
491	1427131583	1427108044.sql	1427131583.sql	2015-03-23 17:26:23	5642	16	186	72	72	461	461	0	0	0	0	0	0	1	0	0	0	0	0	1	0	1	1	
492	1427205721	1427131583.sql	1427205721.sql	2015-03-24 14:02:01	5643	16	186	72	72	461	461	0	0	0	0	0	0	0	0	0	0	0	0	0	0	0	0	
493	1432221609	1427205721.sql	1432221609.sql	2015-05-21 15:20:09	5701	16	188	72	72	461	461	0	0	0	0	0	0	0	0	0	0	0	0	0	0	0	0	
494	1435325251	1432221609.sql	1435325251.sql	2015-06-26 13:27:31	5737	16	189	72	72	461	462	0	0	0	0	1	0	0	0	0	1	1	0	0	1	0	1	
495	1435330633	1435325251.sql	1435330633.sql	2015-06-26 14:57:13	5737	16	189	72	72	462	463	0	0	0	0	1	0	0	0	0	1	1	0	0	1	0	1	
496	1435754956	1435330633.sql	1435754956.sql	2015-07-01 12:49:16	5742	16	189	72	72	463	462	0	0	0	0	0	1	0	0	0	-1	0	1	0	0	1	1	
497	1435754998	1435754956.sql	1435754998.sql	2015-07-01 12:49:58	5742	16	189	72	72	462	461	0	0	0	0	0	1	0	0	0	-1	0	1	0	0	1	1	
498	1437401774	1435754998.sql	1437401774.sql	2015-07-20 14:16:14	5761	16	190	72	72	461	461	0	0	0	0	0	0	0	0	0	0	0	0	0	0	0	0	
499	1437404726	1437401774.sql	1437404726.sql	2015-07-20 15:05:26	5761	16	190	72	72	461	461	0	0	0	0	0	0	2	0	0	0	0	0	2	0	2	2	
500	1437425862	1437404726.sql	1437425862.sql	2015-07-20 20:57:42	5762	16	190	72	72	461	461	0	0	0	0	0	0	0	0	0	0	0	0	0	0	0	0	
501	1437482216	1437425862.sql	1437482216.sql	2015-07-21 12:36:56	5762	16	190	72	72	461	461	0	0	0	0	0	0	0	0	0	0	0	0	0	0	0	0	
502	1444723442	1437482216.sql	1444723442.sql	2015-10-13 08:04:02	5846	17	193	72	72	461	461	0	0	0	0	0	0	0	0	0	0	0	0	0	0	0	0	
503	1449047789	1444723442.sql	1449047789.sql	2015-12-02 09:16:29	5896	17	194	72	72	461	461	0	0	0	0	0	0	0	0	0	0	0	0	0	0	0	0	
504	1449047919	1449047789.sql	1449047919.sql	2015-12-02 09:18:39	5896	17	194	72	72	461	461	0	0	0	0	0	0	0	0	0	0	0	0	0	0	0	0	
505	1449047973	1449047919.sql	1449047973.sql	2015-12-02 09:19:33	5896	17	194	72	72	461	461	0	0	0	0	0	0	0	0	0	0	0	0	0	0	0	0	
506	1449854704	1449047973.sql	1449854704.sql	2015-12-11 17:25:04	5905	17	195	72	72	461	461	0	0	0	0	0	0	1	0	0	0	0	0	1	0	1	1	
507	1451917655	1449854704.sql	1451917655.sql	2016-01-04 14:27:35	5929	17	195	72	72	461	461	0	0	0	0	0	0	0	0	0	0	0	0	0	0	0	0	
508	1453402869	1451917655.sql	1453402869.sql	2016-01-21 19:01:09	5947	17	196	72	72	461	461	0	0	0	0	0	0	0	0	0	0	0	0	0	0	0	0	
509	1462876107	1453402869.sql	1462876107.sql	2016-05-10 10:28:27	6056	17	199	72	72	461	461	0	0	0	0	0	0	0	0	0	0	0	0	0	0	0	0	
510	1462876908	1462876107.sql	1462876908.sql	2016-05-10 10:41:48	6056	17	199	72	72	461	461	0	0	0	0	0	0	0	0	0	0	0	0	0	0	0	0	
511	1464947189	1462876908.sql	1464947189.sql	2016-06-03 09:46:29	6080	17	200	72	72	461	461	0	0	0	0	0	0	0	0	0	0	0	0	0	0	0	0	
512	1464947792	1464947189.sql	1464947792.sql	2016-06-03 09:56:32	6080	17	200	72	72	461	461	0	0	0	0	0	0	0	0	0	0	0	0	0	0	0	0	
513	1464950389	1464947792.sql	1464950389.sql	2016-06-03 10:39:49	6080	17	200	72	72	461	461	0	0	0	0	0	0	0	0	0	0	0	0	0	0	0	0	
514	1466768047	1464950389.sql	1466768047.sql	2016-06-24 11:34:07	6101	17	201	72	73	461	464	1	0	3	0	0	0	0	0	1	3	3	0	0	3	0	3	
515	1469014281	1466768047.sql	1469014281.sql	2016-07-20 11:31:21	6127	17	202	73	72	464	461	0	1	0	3	0	0	0	0	-1	-3	0	3	0	0	3	3	
516	1470146270	1469014281.sql	1470146270.sql	2016-08-02 13:57:50	6140	17	202	72	73	461	464	1	0	3	0	0	0	0	0	1	3	3	0	0	3	0	3	
517	1470152227	1470146270.sql	1470152227.sql	2016-08-02 15:37:07	6140	17	202	73	73	464	464	0	0	0	0	0	0	0	0	0	0	0	0	0	0	0	0	
518	1471875913	1470152227.sql	1471875913.sql	2016-08-22 14:25:13	6160	17	203	73	73	464	464	0	0	0	0	0	0	0	0	0	0	0	0	0	0	0	0	
519	1474453931	1471875913.sql	1474453931.sql	2016-09-21 10:32:11	6190	17	204	73	73	464	464	0	0	0	0	0	0	0	0	0	0	0	0	0	0	0	0	
520	1475595451	1474453931.sql	1475595451.sql	2016-10-04 15:37:31	6203	17	204	73	73	464	464	0	0	0	0	0	0	0	0	0	0	0	0	0	0	0	0	
521	1483623009	1475595451.sql	1483623009.sql	2017-01-05 13:30:09	6296	18	207	73	73	464	464	0	0	0	0	0	0	0	0	0	0	0	0	0	0	0	0	
522	1483634298	1483623009.sql	1483634298.sql	2017-01-05 16:38:18	6296	18	207	73	73	464	464	0	0	0	0	0	0	1	0	0	0	0	0	1	0	1	1	
523	1483696593	1483634298.sql	1483696593.sql	2017-01-06 09:56:33	6297	18	207	73	73	464	464	0	0	0	0	0	0	0	0	0	0	0	0	0	0	0	0	
524	1484653921	1483696593.sql	1484653921.sql	2017-01-17 11:52:01	6308	18	208	73	73	464	464	0	0	0	0	0	0	0	0	0	0	0	0	0	0	0	0	
525	1485535020	1484653921.sql	1485535020.sql	2017-01-27 16:37:00	6318	18	208	73	73	464	464	0	0	0	0	0	0	0	0	0	0	0	0	0	0	0	0	
526	1485786911	1485535020.sql	1485786911.sql	2017-01-30 14:35:11	6321	18	208	73	73	464	464	0	0	0	0	0	0	0	0	0	0	0	0	0	0	0	0	
